0,1,2,3
-3.399365339091687,0.9339380249895626,1.0000000000000004,0.23974000000000006
-1.0713131138373633,0.3327103679030103,1.0000000000000004,0.8310200000000001
-1.8318306016224355,0.5997427581322402,1.0000000000000004,0.6930800000000001
-3.377657869985045,0.923738537821116,1.0000000000000004,0.2445400000000001
-0.9744574086177515,0.28520731198331023,1.0000000000000004,0.8418600000000002
-3.389984801303545,0.9287248648130364,1.0000000000000004,0.24188000000000012
-1.9733594035329634,0.6446757745036941,1.0000000000000004,0.6641600000000002
-1.146061032703497,0.3741221398855008,1.0000000000000004,0.8189800000000002
-1.0148583092593522,0.301184710425488,1.0000000000000004,0.83942
-0.9893934772021132,0.2732725071003234,1.0000000000000004,0.8462000000000002
-1.1102224462069041,0.35990704172116783,1.0000000000000004,0.8211200000000001
-0.8364111691914323,0.19742122025172454,1.0000000000000004,0.8554200000000002
-0.9652887008867134,0.2740305183057131,1.0000000000000004,0.8454400000000001
-0.7690416523549939,0.111024789308851,1.0000000000000004,0.8716000000000002
-1.2729100998231142,0.4240737774601058,1.0000000000000004,0.8025200000000001
-2.5977107560964647,0.791258661347965,1.0000000000000004,0.5124000000000001
-0.7627080917523975,0.13007761999437895,1.0000000000000004,0.8657200000000002
-0.8522993621937076,0.18596131583963144,1.0000000000000004,0.8599000000000001
-0.9162651912127264,0.23047900680804623,1.0000000000000004,0.8536200000000002
-1.1378961685338431,0.3754835348764916,1.0000000000000004,0.8181400000000002
-1.3635796854920976,0.45097401932609477,1.0000000000000004,0.7843400000000001
-0.8029497019062133,0.169955748383686,1.0000000000000004,0.8603400000000001
-0.8634020101028395,0.2076821807211414,1.0000000000000004,0.8563400000000001
-0.7620350502323321,0.09493656493421292,1.0000000000000004,0.8741000000000001
-1.0128278782549902,0.3113047759999805,1.0000000000000004,0.8354000000000001
-0.7800119073753737,0.12630220953376117,1.0000000000000004,0.8665000000000002
-0.7275622580991182,0.10031778001447975,1.0000000000000004,0.8697800000000002
-0.6904491935909286,0.059668450165050645,1.0000000000000004,0.8794800000000003
-0.8435220155390535,0.19772930211631948,1.0000000000000004,0.85618
-0.9017017218779897,0.24348629326995866,1.0000000000000004,0.8464600000000001
-0.9670522348598959,0.2752638033072857,1.0000000000000004,0.8438600000000002
-1.0156197149148776,0.2999548579455701,1.0000000000000004,0.8409400000000001
-0.8717295805655811,0.21507479774500005,1.0000000000000004,0.8541000000000001
-1.9152484203758477,0.626595829496788,1.0000000000000004,0.6760400000000002
-1.1705699950051986,0.38403201354269706,1.0000000000000004,0.8173400000000002
-0.7516230918160794,0.10945651843504564,1.0000000000000004,0.8712400000000001
-0.9582869274135994,0.2620959517724512,1.0000000000000004,0.8454800000000001
-0.8666732484827893,0.20206463538844624,1.0000000000000004,0.8575400000000002
-0.8672525357120212,0.21733716292124006,1.0000000000000004,0.8531000000000002
-0.86062115730191,0.21447694582819837,1.0000000000000004,0.8538000000000002
-1.071334560730162,0.3423258960164514,1.0000000000000004,0.8296600000000002
-0.8931483809405967,0.2334918741433786,1.0000000000000004,0.8496200000000002
-0.7098995564823267,0.08584953959768415,1.0000000000000004,0.8735000000000002
-2.311111599033161,0.7258206933416961,1.0000000000000004,0.5879000000000002
-1.0595602866888845,0.3238310229276938,1.0000000000000004,0.8353800000000001
-0.7761940362901575,0.12624509872425438,1.0000000000000004,0.8681400000000001
-0.7235444429640736,0.06750063456291748,1.0000000000000004,0.8788800000000001
-3.386976477177204,0.9277896259110232,1.0000000000000004,0.2421400000000001
-0.9368440935370832,0.24701071838962138,1.0000000000000004,0.8501200000000001
-1.0208859796274838,0.31847832890275213,1.0000000000000004,0.8303800000000002
-1.0117901958535545,0.3099823912454125,1.0000000000000004,0.8357600000000001
-0.7897229681524784,0.1559750951147429,1.0000000000000004,0.8613200000000002
-0.678807810473428,0.056327063859989396,1.0000000000000004,0.8788600000000001
-0.9807457133395714,0.2756581034325004,1.0000000000000004,0.8447400000000003
-1.3626835279963403,0.45012228208216537,1.0000000000000004,0.7847200000000003
-0.9237270664804981,0.2608479068998661,1.0000000000000004,0.8459400000000001
-2.8462704739540805,0.8308628345716973,1.0000000000000004,0.4424400000000001
-1.2136903597420383,0.4027744244207694,1.0000000000000004,0.8089000000000001
-3.04546744281302,0.8721680570968124,1.0000000000000004,0.37842000000000015
-0.8176049119624377,0.18452327475093014,1.0000000000000004,0.8575200000000002
-0.9370365063825908,0.2457544562159315,1.0000000000000004,0.8502000000000001
-0.9803046368850477,0.2936627583210537,1.0000000000000004,0.8401000000000002
-0.9874440105947134,0.2901732456392781,1.0000000000000004,0.8424400000000001
-0.862380655464914,0.17057869003402384,1.0000000000000004,0.8626400000000002
-0.6177112322514917,0.0017172205808565642,1.0000000000000004,0.8783600000000001
-1.7321263921650667,0.5847527362413143,1.0000000000000004,0.7175400000000002
-0.7439609587721584,0.10625948372915675,1.0000000000000004,0.8710400000000001
-2.3168909138697384,0.7306745803604936,1.0000000000000004,0.5868600000000002
-0.7083525641260349,0.06445900668458736,1.0000000000000004,0.8790000000000002
-0.6831518116786209,0.05899301897356686,1.0000000000000004,0.8773400000000001
-0.6541358586725482,0.04171788061513083,1.0000000000000004,0.8791200000000001
-0.9691905301012844,0.2781046589756104,1.0000000000000004,0.8434600000000001
-1.0156096114041442,0.3143837296180508,1.0000000000000004,0.8321400000000001
-1.0870813026437844,0.35407229929549316,1.0000000000000004,0.8209800000000002
-0.7170834543270828,0.06591996739615978,1.0000000000000004,0.8790600000000002
-0.7394152852478767,0.07613086907203863,1.0000000000000004,0.8775400000000002
-3.389105546286435,0.9285505365463977,1.0000000000000004,0.2416400000000001
-0.9435110438991247,0.24084535954403663,1.0000000000000004,0.8519800000000002
-0.9379306542096388,0.24147194909632647,1.0000000000000004,0.8519000000000001
-1.0741964739899168,0.3466066819190045,1.0000000000000004,0.8260200000000002
-2.2415537324335504,0.7099955237152438,1.0000000000000004,0.6033200000000002
-0.9561420928934722,0.28140431885010875,1.0000000000000004,0.8397000000000001
-2.228336550296942,0.7073604189524823,1.0000000000000004,0.6066200000000002
-1.1054690297874117,0.35818568425560054,1.0000000000000004,0.8250200000000002
-2.0159701715056864,0.6554666185615147,1.0000000000000004,0.65414
-0.9957866142466439,0.3039904662760637,1.0000000000000004,0.8341000000000002
-1.0013941017076144,0.3040086171938708,1.0000000000000004,0.8389800000000003
-0.8017376860558747,0.15151954999847816,1.0000000000000004,0.8630600000000002
-0.8046139870360994,0.1551641581310983,1.0000000000000004,0.8636200000000002
-1.51373805865109,0.5048251104942824,1.0000000000000004,0.7567000000000002
-0.7129059793630387,0.0874479998751319,1.0000000000000004,0.8717800000000001
-1.050483268115865,0.32501280926439824,1.0000000000000004,0.8346400000000002
-2.7909318672636565,0.8265681196855221,1.0000000000000004,0.4561600000000001
-0.939696104056377,0.25061679350712274,1.0000000000000004,0.8497600000000002
-0.7190072935337789,0.08898515301229318,1.0000000000000004,0.8727400000000002
-1.0828492119415227,0.3396281050080604,1.0000000000000004,0.8302000000000002
-0.8509944823739738,0.2105160502109437,1.0000000000000004,0.85318
-0.8336332252329463,0.19559456999247185,1.0000000000000004,0.85496
-0.9715430417774877,0.29102596156924126,1.0000000000000004,0.8393800000000001
-1.2589730372478027,0.41629605054701646,1.0000000000000004,0.8033200000000001
-1.1612971541396317,0.37929532620982026,1.0000000000000004,0.8216600000000001
-2.004479244382135,0.6545522123895203,1.0000000000000004,0.6563400000000001
-2.574772107568873,0.7897335552936715,1.0000000000000004,0.5195800000000002
-1.1609637728101343,0.3785304168368604,1.0000000000000004,0.82194
-2.053185995043378,0.6670100622557001,1.0000000000000004,0.6464000000000001
-0.8515804842679195,0.18039900897760275,1.0000000000000004,0.8610400000000001
-1.106642330466477,0.36049083681542976,1.0000000000000004,0.8174800000000001
-0.728073346740517,0.06831355800517992,1.0000000000000004,0.8789000000000002
-2.1133298928401096,0.6869821586883622,1.0000000000000004,0.6336200000000001
-3.3692854010102877,0.9224600155066471,1.0000000000000004,0.24956000000000006
-2.13457104406452,0.6887861564138832,1.0000000000000004,0.6280800000000002
-1.555488377471128,0.5070010723833405,1.0000000000000004,0.7463400000000001
-1.0865156839959955,0.3435720945507678,1.0000000000000004,0.8288200000000001
-3.3822382882378847,0.9254718555226731,1.0000000000000004,0.2439600000000001
-3.383257805701481,0.926100368762442,1.0000000000000004,0.2426000000000001
-1.0738170444825492,0.33386755393778617,1.0000000000000004,0.8342400000000002
-0.7506050650350503,0.10125561467617596,1.0000000000000004,0.8727000000000001
-2.3585939223084234,0.7360512906074446,1.0000000000000004,0.5756400000000002
-1.8804439639061612,0.6147998683477672,1.0000000000000004,0.68242
-3.311778996966741,0.9081944750814432,1.0000000000000004,0.27672
-1.0072780699738924,0.3002408311160665,1.0000000000000004,0.8405200000000002
-0.7730698642393719,0.10955411330161226,1.0000000000000004,0.8720400000000001
-2.220648241537288,0.7063235198463781,1.0000000000000004,0.6077600000000002
-0.7210568969511194,0.08806750122613857,1.0000000000000004,0.8729000000000002
-0.7851695727162725,0.13869457222458204,1.0000000000000004,0.8665400000000002
-0.7246287485878035,0.06779897836788856,1.0000000000000004,0.8785600000000001
-1.048163132532392,0.3319381930828147,1.0000000000000004,0.8283800000000001
-0.9406620761675026,0.2645495414190261,1.0000000000000004,0.8444800000000001
-0.8110494866078188,0.17433650882427962,1.0000000000000004,0.8597800000000002
-0.9887246444374499,0.3005787222844807,1.0000000000000004,0.8369600000000001
-1.0415997717631962,0.31882105807523103,1.0000000000000004,0.8369200000000001
-1.2087044873006825,0.4011139315234335,1.0000000000000004,0.8027000000000002
-0.8010957776507844,0.12453399182063471,1.0000000000000004,0.8696800000000002
-0.8873833866048656,0.21695623108359907,1.0000000000000004,0.8565000000000003
-0.9254846928018061,0.24291150289218189,1.0000000000000004,0.84946
-0.8089580814533763,0.17167696362631565,1.0000000000000004,0.8591800000000002
-0.7976869954846113,0.1533413332100042,1.0000000000000004,0.8623000000000002
-1.1268565358368874,0.3682601274138269,1.0000000000000004,0.8214000000000001
-0.8625641917024944,0.1948895478731676,1.0000000000000004,0.8586200000000002
-2.314083177179906,0.7268132948552348,1.0000000000000004,0.5865200000000003
-1.2289222227693617,0.4061234538785809,1.0000000000000004,0.8099400000000002
-0.9811358934449588,0.2974758861021827,1.0000000000000004,0.8379000000000001
-2.0694462373947777,0.6725845375009029,1.0000000000000004,0.6429000000000001
-1.2644550087136068,0.4204847796848069,1.0000000000000004,0.8011800000000002
-0.6755701631293286,0.05541096381427042,1.0000000000000004,0.8791000000000002
-0.870895423261391,0.22199601927640072,1.0000000000000004,0.8511800000000002
-0.9411376652042104,0.23723805894070404,1.0000000000000004,0.8523400000000001
-3.3915999625360254,0.9299076602254265,1.0000000000000004,0.24106000000000008
-0.7961014032813596,0.127830726385046,1.0000000000000004,0.8690600000000002
-1.0111138446960537,0.3101113915359451,1.0000000000000004,0.8354000000000001
-0.9633971540914357,0.282937301633879,1.0000000000000004,0.8408800000000001
-1.2062716201484722,0.3993582992367832,1.0000000000000004,0.81318
-2.312785467030343,0.7267902033299063,1.0000000000000004,0.5861800000000001
-0.8645464339602689,0.2174216023571445,1.0000000000000004,0.8520400000000002
-1.827903093346286,0.5995181741228416,1.0000000000000004,0.6943400000000002
-0.8230493307975669,0.13910360624036633,1.0000000000000004,0.8673400000000001
-1.9496499029142338,0.6363677727318588,1.0000000000000004,0.6688800000000001
-0.984982286685718,0.3003446114325081,1.0000000000000004,0.8356600000000001
-1.1344553857316415,0.36983255898460804,1.0000000000000004,0.8213600000000001
-0.6416061594316915,0.0180632406325005,1.0000000000000004,0.8737000000000001
-0.9590603990640146,0.25722773495489754,1.0000000000000004,0.8489800000000001
-3.396749147587287,0.9322512295254348,1.0000000000000004,0.24036000000000007
-0.7779170463196776,0.14557559442347026,1.0000000000000004,0.8634200000000001
-3.386495051495514,0.9275035346660991,1.0000000000000004,0.2434000000000001
-1.1356182022813022,0.37654358448807795,1.0000000000000004,0.8153600000000001
-1.0466626448047647,0.3191229614054338,1.0000000000000004,0.83646
-0.847662193133235,0.16405736732087672,1.0000000000000004,0.8635600000000002
-0.8588476880259223,0.2151065519061017,1.0000000000000004,0.8533600000000001
-0.6944960082264517,0.06097486824421214,1.0000000000000004,0.8792000000000003
-0.7157112844870835,0.06610103612012,1.0000000000000004,0.87894
-3.3836497452425527,0.926105747074082,1.0000000000000004,0.24280000000000007
-0.7675046185439801,0.09691007719626955,1.0000000000000004,0.8735600000000001
-0.9435919135283657,0.27526965397647724,1.0000000000000004,0.8420000000000001
-1.311680191970409,0.4364574606959234,1.0000000000000004,0.7936000000000001
-0.9910059520764806,0.29499255429017585,1.0000000000000004,0.8416400000000002
-0.8109984307909369,0.16460407557770562,1.0000000000000004,0.8629000000000001
-0.941398446318386,0.27050867584342725,1.0000000000000004,0.8439200000000001
-0.9101826228064797,0.2518056585721547,1.0000000000000004,0.8464
-1.170213448128459,0.3861904284843026,1.0000000000000004,0.8147200000000002
-1.2271461136861026,0.4073602584812443,1.0000000000000004,0.8066000000000001
-0.7874032792518969,0.14899613151063612,1.0000000000000004,0.8631000000000001
-0.8165644553838962,0.16956251838314967,1.0000000000000004,0.8606600000000001
-0.6913584017876159,0.07070335719434562,1.0000000000000004,0.8761200000000001
-0.8521705971104302,0.20238477650057513,1.0000000000000004,0.8560200000000001
-1.0328420871366255,0.324661174820542,1.0000000000000004,0.8300800000000002
-0.9613999460306535,0.28605070346441586,1.0000000000000004,0.8394000000000001
-2.400427859728462,0.7548993288259055,1.0000000000000004,0.5662600000000002
-1.0214483526822862,0.29545911649686946,1.0000000000000004,0.8428200000000001
-0.6469289748494521,0.036482311813044815,1.0000000000000004,0.8794800000000002
-0.7124243151358952,0.06505907551497356,1.0000000000000004,0.8787800000000002
-1.8435157094200025,0.6046821913237815,1.0000000000000004,0.6899800000000001
-1.2495964498119005,0.4137842532118144,1.0000000000000004,0.80378
-0.7703948159883262,0.1373109250460801,1.0000000000000004,0.8634200000000002
-1.0844885012913292,0.35315537732252344,1.0000000000000004,0.8226000000000001
-0.6730035602495539,0.05504414107828012,1.0000000000000004,0.8792400000000001
-1.143668448830278,0.37175472238841717,1.0000000000000004,0.8212400000000001
-1.2647320734973075,0.41942739725968975,1.0000000000000004,0.8033400000000002
-0.7873066396781253,0.15060906693961773,1.0000000000000004,0.8616600000000001
-0.657577041463814,0.04734392407705568,1.0000000000000004,0.8794600000000001
-0.9641991439386325,0.2802280434332413,1.0000000000000004,0.8430800000000002
-1.1664050690291705,0.38775150378059714,1.0000000000000004,0.8133200000000002
-1.912117929508089,0.6263122074131665,1.0000000000000004,0.6773200000000001
-0.8181278039958736,0.18212594586807154,1.0000000000000004,0.8588600000000002
-1.0603378580338054,0.3389223254190056,1.0000000000000004,0.8268600000000003
-3.378555879959964,0.9240935433466118,1.0000000000000004,0.2441800000000001
-1.0427342618082123,0.31538401590219317,1.0000000000000004,0.8384600000000003
-0.6704868435086644,0.05406890236480145,1.0000000000000004,0.8793800000000002
-0.9880236701429574,0.29856769464408284,1.0000000000000004,0.8376600000000002
-2.492870561665908,0.7712318612774816,1.0000000000000004,0.5411000000000001
-1.1312893981197958,0.3648849670140085,1.0000000000000004,0.8240200000000001
-2.219504957803899,0.7052878983346752,1.0000000000000004,0.6084400000000002
-0.9712599560973468,0.29218106818862144,1.0000000000000004,0.83764
-3.390930087924762,0.9298346646548155,1.0000000000000004,0.24118000000000006
-3.040518479199875,0.858608992111982,1.0000000000000004,0.37804000000000015
-1.0634945027572935,0.3417009772069638,1.0000000000000004,0.8242400000000002
-0.7034255900868032,0.07147373459423875,1.0000000000000004,0.8760200000000002
-0.7124078774546528,0.06498101677589743,1.0000000000000004,0.8785400000000001
-0.7189729196875351,0.06661268019514877,1.0000000000000004,0.8789600000000001
-1.3829630866601519,0.4617860833701096,1.0000000000000004,0.7792400000000003
-0.732243042629349,0.06981048750530099,1.0000000000000004,0.8790400000000002
-2.009933951807139,0.6550576006247077,1.0000000000000004,0.6560800000000001
-0.8918103359898661,0.22918262018522312,1.0000000000000004,0.85294
-1.89772767651142,0.6187733316493692,1.0000000000000004,0.68072
-2.691567800439575,0.8128664575262126,1.0000000000000004,0.48706000000000016
-0.7358270194532063,0.07464811568859696,1.0000000000000004,0.8775400000000002
-0.911844301911987,0.2192304083694964,1.0000000000000004,0.8555800000000001
-1.0309224965202046,0.32018618201349675,1.0000000000000004,0.82976
-0.9546282083695625,0.2792574310485308,1.0000000000000004,0.8410600000000001
-1.9343056528997449,0.632020668096588,1.0000000000000004,0.6721600000000001
-1.3198416031291644,0.43928892244157386,1.0000000000000004,0.7896400000000002
-1.0054770988030428,0.28952504593736156,1.0000000000000004,0.8438400000000001
-3.3990232794929525,0.9338988326339459,1.0000000000000004,0.23992000000000008
-0.7925591232536986,0.15230973458337682,1.0000000000000004,0.8616800000000001
-0.9462048523168467,0.2759749491088585,1.0000000000000004,0.8416800000000002
-0.7738787369603838,0.09990047044735653,1.0000000000000004,0.8728800000000001
-0.614459125977658,0.0,1.0000000000000004,0.8793600000000003
-1.4877581986462582,0.49665293514920744,1.0000000000000004,0.7631800000000001
-2.135483717998728,0.687948260769484,1.0000000000000004,0.6289000000000001
-0.7734990044489476,0.1260213543538424,1.0000000000000004,0.8673400000000001
-0.6550572123025317,0.044762166891861965,1.0000000000000004,0.8798800000000001
-0.8966037227849519,0.23291709802516375,1.0000000000000004,0.8498600000000002
-1.7005895165056113,0.5603764365368871,1.0000000000000004,0.7199800000000002
-0.8159012893880854,0.1387268729061116,1.0000000000000004,0.8665200000000001
-0.686445777908162,0.06108100268118597,1.0000000000000004,0.8788000000000001
-2.255419531604229,0.7141041001672243,1.0000000000000004,0.5997800000000002
-1.0929015108305047,0.35253008146242715,1.0000000000000004,0.8252200000000002
-0.6752829044621339,0.05539464987067616,1.0000000000000004,0.8792000000000002
-1.0197211325560682,0.3164569042901343,1.0000000000000004,0.8310400000000001
-3.3927022793012713,0.9306620904132986,1.0000000000000004,0.24162000000000008
-2.267840313460067,0.7165556387292261,1.0000000000000004,0.5976200000000002
-1.1867584910838915,0.39269034803240305,1.0000000000000004,0.8153600000000001
-0.7677378159695049,0.13113578560754152,1.0000000000000004,0.8649800000000001
-2.2919616710254394,0.7222975069711736,1.0000000000000004,0.5922200000000002
-1.2306428251964285,0.40913023863324754,1.0000000000000004,0.8041000000000001
-1.96683383225184,0.6420210923368549,1.0000000000000004,0.6665200000000001
-3.398269920858841,0.9328767727478486,1.0000000000000004,0.2400400000000001
-1.0464628366352173,0.31895479639582947,1.0000000000000004,0.8357200000000002
-0.7304910717567173,0.06908671883162629,1.0000000000000004,0.8789600000000003
-0.7159780257027849,0.08999654815264532,1.0000000000000004,0.8727000000000001
-0.8691738251943737,0.22123019376929126,1.0000000000000004,0.8522400000000001
-1.176157086899943,0.39049634078634937,1.0000000000000004,0.8126800000000001
-0.8080731308302102,0.1715061223062039,1.0000000000000004,0.8593800000000001
-0.6743878861570574,0.0552429220965811,1.0000000000000004,0.8788400000000002
-2.108243420451706,0.6821659123943011,1.0000000000000004,0.6346200000000001
-2.042360817085987,0.6651544729057823,1.0000000000000004,0.6487
-0.9504226085565918,0.2694179869372961,1.0000000000000004,0.8441200000000001
-2.0610639121077994,0.6713816661508011,1.0000000000000004,0.6450400000000002
-0.7919143041808024,0.1271687364468529,1.0000000000000004,0.8690600000000002
-1.9713496619807798,0.6433232102928764,1.0000000000000004,0.6649400000000001
-0.9569769449692063,0.2706592577006761,1.0000000000000004,0.8451400000000002
-0.7465662132739759,0.10672563605072274,1.0000000000000004,0.8695200000000002
-1.933906888341547,0.6318280954478672,1.0000000000000004,0.6716400000000001
-1.3591240591057285,0.44909141661047874,1.0000000000000004,0.7840200000000002
-2.4861813689003203,0.7707595405281288,1.0000000000000004,0.5426800000000002
-1.132169283073979,0.36611336682599005,1.0000000000000004,0.8241400000000002
-2.0583387560756674,0.6688163323702058,1.0000000000000004,0.6457000000000002
-0.719141768023161,0.0948279203825002,1.0000000000000004,0.8713200000000002
-0.9500492327364527,0.27696943683533215,1.0000000000000004,0.8413800000000002
-2.035214368213869,0.6616580233042094,1.0000000000000004,0.6510200000000002
-0.8641750290551261,0.19124354272467384,1.0000000000000004,0.8592600000000001
-1.2710968946926695,0.42267372304925305,1.0000000000000004,0.7948400000000001
-1.4135029766234046,0.48011692383032867,1.0000000000000004,0.7755200000000002
-1.0928417431973994,0.35014038420217447,1.0000000000000004,0.8258800000000001
-0.7297302802558508,0.09925025837552752,1.0000000000000004,0.8712000000000002
-0.9625731464042334,0.2823669088496148,1.0000000000000004,0.8400800000000002
-2.0662272501604697,0.6720368454940224,1.0000000000000004,0.6437200000000003
-0.9152619868491068,0.2546166067846514,1.0000000000000004,0.8453400000000001
-1.9097626509265497,0.6253081208446969,1.0000000000000004,0.6765800000000002
-1.111242946270158,0.3664085006382522,1.0000000000000004,0.8202200000000002
-0.9995537814092854,0.28530861495813753,1.0000000000000004,0.8440200000000002
-1.0941845017922676,0.35633699327470597,1.0000000000000004,0.82088
-0.8394318529994703,0.20086739153245609,1.0000000000000004,0.8548200000000001
-0.7345329781250298,0.10473877837944263,1.0000000000000004,0.8692200000000001
-2.3576986129631585,0.7358882164682539,1.0000000000000004,0.5746000000000001
-0.7102036573508055,0.06470117178705635,1.0000000000000004,0.8788600000000001
-0.8295389217159652,0.17494865946901048,1.0000000000000004,0.8613400000000001
-0.9244043279024549,0.2612990297992274,1.0000000000000004,0.8455200000000002
-0.6824303290181319,0.05760451727556385,1.0000000000000004,0.8789800000000002
-1.3557527379935745,0.44815017932924944,1.0000000000000004,0.7848600000000001
-1.1994517417173713,0.3995371366963558,1.0000000000000004,0.80466
-1.1083550110208216,0.36167894715618015,1.0000000000000004,0.8194600000000001
-0.7138200896647063,0.0742779036394736,1.0000000000000004,0.8764600000000001
-1.9047539236457494,0.6238932754889315,1.0000000000000004,0.6780000000000003
-0.7095017917576715,0.08509414158498657,1.0000000000000004,0.8718800000000002
-3.0820690644713657,0.873049488812226,1.0000000000000004,0.36870000000000014
-0.9386009701264884,0.26752985684077807,1.0000000000000004,0.8441000000000002
-0.9622435944260007,0.27620096187449805,1.0000000000000004,0.84352
-1.034255967565125,0.3048938601738269,1.0000000000000004,0.8402800000000002
-0.8948810718560727,0.2348104779455521,1.0000000000000004,0.8484400000000001
-0.8272182666826936,0.15738061319388863,1.0000000000000004,0.8665200000000002
-2.399364189258226,0.7460038286356584,1.0000000000000004,0.5639600000000001
-2.982915704158826,0.852050687419896,1.0000000000000004,0.39994000000000013
-2.4066347698035853,0.7582845706136655,1.0000000000000004,0.5661200000000001
-0.725023974521391,0.06814641564885812,1.0000000000000004,0.8789600000000002
-1.4397047804466028,0.48626735024051276,1.0000000000000004,0.7715200000000001
-0.8409435543736143,0.17993300082125602,1.0000000000000004,0.86022
-2.134358933785288,0.6875746760177647,1.0000000000000004,0.6285400000000002
-1.054803876562386,0.3191574041377838,1.0000000000000004,0.8354200000000002
-1.1444179826231866,0.3717250238495676,1.0000000000000004,0.8226800000000001
-2.2206769678367317,0.7063505681014842,1.0000000000000004,0.6091400000000001
-1.0191384514595305,0.31315634003126236,1.0000000000000004,0.8364600000000002
-0.9416262646030717,0.2716423272952257,1.0000000000000004,0.8419800000000002
-0.7562997709365259,0.11892377717152261,1.0000000000000004,0.8709800000000001
-0.742194466874172,0.11397271789882725,1.0000000000000004,0.8686400000000001
-0.9041829623173485,0.24306695214398144,1.0000000000000004,0.8476800000000001
-0.9406928428008868,0.26503242698045504,1.0000000000000004,0.8444000000000002
-1.0288910744723807,0.3198583528011136,1.0000000000000004,0.8303600000000001
-1.0365875716688357,0.3178155206447367,1.0000000000000004,0.8356600000000001
-0.7390075416402065,0.1087132261302482,1.0000000000000004,0.8676000000000001
-1.267477812999935,0.41934087388628777,1.0000000000000004,0.8039200000000001
-1.2914524997918666,0.42939952097676076,1.0000000000000004,0.7997000000000001
-1.9432469183423031,0.6345475016233064,1.0000000000000004,0.6695800000000002
-0.9226970409016565,0.259817556758436,1.0000000000000004,0.8446400000000001
-2.273054603398,0.7192476686389743,1.0000000000000004,0.5967400000000002
-0.6772676550332049,0.05609438570130041,1.0000000000000004,0.8791400000000001
-1.2135791899548267,0.40167219264677895,1.0000000000000004,0.8018400000000001
-1.6346006071731618,0.5423143767095725,1.0000000000000004,0.73216
-0.9878220995970388,0.3009796867219808,1.0000000000000004,0.83594
-1.6663505301115265,0.553165362928872,1.0000000000000004,0.7258600000000002
-0.8727303733899576,0.18162682644497613,1.0000000000000004,0.86092
-0.7183351440070493,0.09335455879713683,1.0000000000000004,0.8709800000000001
-2.2464155236183787,0.7128062631005351,1.0000000000000004,0.6031000000000002
-0.9061633824009887,0.249757443383004,1.0000000000000004,0.8477000000000001
-0.7066521429997092,0.06395548598774017,1.0000000000000004,0.8790800000000002
-1.2180587416978725,0.4035545321115701,1.0000000000000004,0.8083600000000001
-1.0423069782869243,0.32670204639662365,1.0000000000000004,0.8268400000000001
-0.755365264039809,0.12282371199097918,1.0000000000000004,0.8670400000000001
-0.8104971542751344,0.17335503797353102,1.0000000000000004,0.8592600000000001
-0.8338765664971975,0.18872351545865754,1.0000000000000004,0.8571000000000001
-0.6896311025536601,0.07039963545901892,1.0000000000000004,0.8757600000000002
-2.202495418296294,0.7027490312077515,1.0000000000000004,0.6133000000000002
-1.0892805473509084,0.35070120368410423,1.0000000000000004,0.8241600000000001
-2.216980919281255,0.7047793767387104,1.0000000000000004,0.6089400000000001
-1.016702870380706,0.310354128834471,1.0000000000000004,0.8381600000000001
-1.2997117854206963,0.42996200896982334,1.0000000000000004,0.7961600000000001
-0.8172809526249084,0.18042707539956226,1.0000000000000004,0.8582800000000002
-2.021858408662663,0.6584772021471605,1.0000000000000004,0.6533000000000002
-0.9521376464907733,0.24306323091383775,1.0000000000000004,0.8503800000000001
-3.3786422229040376,0.9244523883909924,1.0000000000000004,0.24462000000000006
-0.6425378315370358,0.02976142059256405,1.0000000000000004,0.8792400000000002
-3.104741472650372,0.8763890779270762,1.0000000000000004,0.3594000000000001
-1.0191703645154593,0.3134160533094487,1.0000000000000004,0.8347600000000002
-0.7625080550527243,0.09223823067895091,1.0000000000000004,0.8754800000000001
-1.1703515728567937,0.38388715898726655,1.0000000000000004,0.8198400000000001
-1.2194026863981553,0.4043223655872072,1.0000000000000004,0.8099800000000003
-1.1258923363815156,0.371030227108821,1.0000000000000004,0.8182400000000001
-0.9682689043227786,0.2874603285686212,1.0000000000000004,0.8413200000000002
-1.0485965595444893,0.3320638528859846,1.0000000000000004,0.8285800000000002
-0.8384357416778796,0.19608812613620732,1.0000000000000004,0.8571800000000002
-2.033156636028792,0.662355102472579,1.0000000000000004,0.6507200000000002
-0.9404781499847316,0.26856164762724205,1.0000000000000004,0.8439800000000003
-1.043096508219896,0.3243283414156405,1.0000000000000004,0.8317400000000003
-2.258560808857412,0.7144463076951569,1.0000000000000004,0.6002200000000001
-1.0781741629638077,0.33596418802213307,1.0000000000000004,0.8319200000000001
-0.7914765370683552,0.16133804392086257,1.0000000000000004,0.8608600000000002
-1.3522931617494516,0.44738538264607913,1.0000000000000004,0.7864400000000001
-2.0476214171130764,0.6660918391550897,1.0000000000000004,0.6480200000000003
-0.9500966628421794,0.2769718731738367,1.0000000000000004,0.84318
-2.023504518649615,0.6591382152249848,1.0000000000000004,0.65244
-0.8523211872631677,0.20756582156819958,1.0000000000000004,0.8555000000000003
-0.6849317758374469,0.058028150667778305,1.0000000000000004,0.8784000000000001
-0.6724221154092583,0.05472609138765557,1.0000000000000004,0.8791000000000001
-2.9441817210167605,0.8467813636330446,1.0000000000000004,0.41304000000000013
-0.7678334299540954,0.0982723901375889,1.0000000000000004,0.8745600000000002
-0.8180730753027213,0.18085854678320884,1.0000000000000004,0.8586400000000001
-0.7002216703482093,0.06541814522709836,1.0000000000000004,0.8778000000000001
-0.781812670534425,0.12986391138718284,1.0000000000000004,0.8671800000000002
-1.1563679156776991,0.3830116079537892,1.0000000000000004,0.81706
-0.8362056802859446,0.15806941835794927,1.0000000000000004,0.8632600000000001
-0.8286698153227212,0.1913059869787,1.0000000000000004,0.8568800000000001
-1.099868057329048,0.3557012075120587,1.0000000000000004,0.8269000000000001
-1.0785889983148886,0.3472446131954832,1.0000000000000004,0.82572
-1.2056410842461718,0.4003492242370188,1.0000000000000004,0.8075600000000002
-0.801236792476682,0.17098777155671904,1.0000000000000004,0.8603000000000002
-2.68012269403882,0.809621850782076,1.0000000000000004,0.48826000000000014
-0.662614885066397,0.05060604931804334,1.0000000000000004,0.8789600000000002
-0.7808758516941356,0.15037626495861595,1.0000000000000004,0.8630200000000002
-2.891551925127075,0.8363570003411037,1.0000000000000004,0.4282000000000001
-0.6865635462597008,0.05894736465457119,1.0000000000000004,0.8790400000000002
-1.0050067084280352,0.3047723326642975,1.0000000000000004,0.8368400000000001
-2.157400052458734,0.6942945869586538,1.0000000000000004,0.6234200000000001
-3.399427830660723,0.9339380249895626,1.0000000000000004,0.24022000000000004
-1.0782159031675838,0.33717441756902494,1.0000000000000004,0.8321800000000001
-1.0052533348633876,0.3081663183327662,1.0000000000000004,0.8373800000000001
-1.0965340431260049,0.3430390044526149,1.0000000000000004,0.8308600000000002
-1.0807878071868864,0.33718157248462616,1.0000000000000004,0.8317800000000002
-1.0340305363133482,0.3253416080066557,1.0000000000000004,0.8292400000000001
-0.6941884755065276,0.06080501282516199,1.0000000000000004,0.8789800000000001
-0.8696088609988937,0.21429529630953378,1.0000000000000004,0.8555400000000002
-2.3300734664553944,0.732205099231093,1.0000000000000004,0.5815000000000002
-0.6607191865911449,0.0477601112229589,1.0000000000000004,0.8791800000000001
-0.7136926554692437,0.06542458952688744,1.0000000000000004,0.8782600000000003
-0.6632083340661697,0.0503553600726818,1.0000000000000004,0.8790600000000002
-2.1042755908191526,0.6819513059142821,1.0000000000000004,0.6354400000000001
-0.8654183321699086,0.19461129462861998,1.0000000000000004,0.8596800000000001
-1.1855963492816728,0.3933407862046179,1.0000000000000004,0.8133800000000001
-1.016716072425593,0.3151569741909943,1.0000000000000004,0.8331400000000001
-2.2023760086762074,0.7043053881486132,1.0000000000000004,0.6129600000000002
-0.8047338635823227,0.1657131010991013,1.0000000000000004,0.8613800000000001
-0.7808591306020819,0.12320291514376046,1.0000000000000004,0.8688000000000001
-0.8160280337576508,0.16493077975620962,1.0000000000000004,0.8616000000000001
-1.1819881092831963,0.39045956236652296,1.0000000000000004,0.8181000000000002
-0.7042867885092097,0.06335864311453085,1.0000000000000004,0.8787200000000002
-0.8479662709795396,0.16328150489826362,1.0000000000000004,0.8641000000000001
-2.2602876184784635,0.7160237677412438,1.0000000000000004,0.5988400000000001
-0.7543601160520811,0.09488380084210501,1.0000000000000004,0.8740600000000002
-3.3842762621793994,0.9262164213058447,1.0000000000000004,0.24234000000000006
-0.8802338481694221,0.20697653419381995,1.0000000000000004,0.8577200000000001
-1.0446560649082266,0.3129330883536446,1.0000000000000004,0.8386200000000001
-1.9972368058969254,0.6513185401303129,1.0000000000000004,0.6579
-0.8791049352254144,0.22074221791226906,1.0000000000000004,0.8526000000000001
-0.7073559125377121,0.08370603062983063,1.0000000000000004,0.8728600000000001
-0.9851694031192362,0.29877064245762563,1.0000000000000004,0.8375400000000002
-0.9866847665062712,0.29814277809564915,1.0000000000000004,0.8381200000000001
-0.9434225140313336,0.2690535127896304,1.0000000000000004,0.8446600000000002
-0.7930706135091057,0.15081416819590593,1.0000000000000004,0.8618400000000002
-3.389800845132424,0.9283664666350512,1.0000000000000004,0.24216000000000004
-0.7245357767150767,0.07849794634138303,1.0000000000000004,0.8766000000000002
-0.8264664212590354,0.18675664749032317,1.0000000000000004,0.8579800000000002
-2.0797661427209473,0.6759159908604406,1.0000000000000004,0.6409400000000002
-0.6803363239312009,0.056798692356515815,1.0000000000000004,0.8792000000000001
-0.9252337619992084,0.24094079705943783,1.0000000000000004,0.8508800000000001
-1.0084686005007109,0.31209562082195624,1.0000000000000004,0.8330800000000002
-1.2756921232599592,0.42442476560944703,1.0000000000000004,0.8020600000000002
-0.9630083594780754,0.2806396665328101,1.0000000000000004,0.8413800000000002
-0.7239789084586111,0.0945583469548554,1.0000000000000004,0.8722000000000001
-0.8489251862354654,0.1926002399706843,1.0000000000000004,0.8572000000000002
-2.1507950730180845,0.6937664862717561,1.0000000000000004,0.6260400000000002
-0.8526425501276617,0.17940035702513443,1.0000000000000004,0.8625800000000001
-0.7401853239983069,0.07815990709631297,1.0000000000000004,0.8773000000000002
-2.6274713784118577,0.7994524097278506,1.0000000000000004,0.5048800000000002
-0.7871145533002591,0.12175178442460864,1.0000000000000004,0.8702200000000001
-0.80929094884601,0.15637773779075376,1.0000000000000004,0.8622800000000002
-0.9677990880754076,0.2637828459113022,1.0000000000000004,0.8455200000000002
-0.9711022988032658,0.29119696787070104,1.0000000000000004,0.8379800000000001
-1.0432230887367775,0.32617812075275016,1.0000000000000004,0.8292000000000002
-0.6735333971463027,0.05630162396824121,1.0000000000000004,0.8761000000000001
-1.1968487417981675,0.39543925044418604,1.0000000000000004,0.8155600000000002
-0.7030438999076544,0.08151119185766668,1.0000000000000004,0.8727600000000002
-0.811308688336846,0.1771925023039849,1.0000000000000004,0.8587200000000001
-0.940268433686693,0.26883284401451346,1.0000000000000004,0.8432200000000001
-0.8751625419723148,0.21804152730714935,1.0000000000000004,0.8541800000000002
-1.0866080377063658,0.34738524565251455,1.0000000000000004,0.8246400000000002
-2.9892786229012094,0.8573974552278014,1.0000000000000004,0.40016000000000007
-1.936526882869343,0.6340001236337373,1.0000000000000004,0.6719400000000001
-1.151777907217805,0.37386162212512103,1.0000000000000004,0.8220000000000001
-1.0664457949597128,0.33591805954105164,1.0000000000000004,0.8301200000000001
-1.0592827107696594,0.3375181098228925,1.0000000000000004,0.8256800000000002
-0.8252259784849436,0.18995175178773333,1.0000000000000004,0.8568200000000001
-0.8843842525039827,0.23270796981075847,1.0000000000000004,0.8500200000000002
-0.6948296870014272,0.06101911576756666,1.0000000000000004,0.8792400000000001
-0.9989750512747512,0.2901709352196409,1.0000000000000004,0.8431800000000002
-3.3802183203582192,0.9252343718988759,1.0000000000000004,0.24478000000000005
-0.984609798632353,0.29945352830901434,1.0000000000000004,0.8350400000000002
-0.8609882850825618,0.1994613271547532,1.0000000000000004,0.85818
-1.3096295213308258,0.43640111894333006,1.0000000000000004,0.7952400000000002
-1.099460433460555,0.34681638548655064,1.0000000000000004,0.8283200000000002
-0.9046633423082391,0.24933173529739003,1.0000000000000004,0.8485400000000002
-1.1474427982394546,0.3817378241107418,1.0000000000000004,0.8168800000000002
-1.1083871115584534,0.3448770229123305,1.0000000000000004,0.8285600000000002
-1.0294756638271547,0.3198093465721677,1.0000000000000004,0.8324400000000002
-0.713944170661311,0.07420936077697118,1.0000000000000004,0.8776400000000002
-1.1167112101169623,0.36812983447612435,1.0000000000000004,0.8194800000000002
-1.0235282086512185,0.30445211002386924,1.0000000000000004,0.8399200000000002
-0.8111889966261707,0.14808676212247399,1.0000000000000004,0.8654200000000002
-1.0430684375229604,0.3304953349846869,1.0000000000000004,0.8291200000000001
-1.113053469773665,0.3543234221678513,1.0000000000000004,0.8275800000000002
-0.6913365494903854,0.07076162528115117,1.0000000000000004,0.8755000000000003
-2.114970038126115,0.6841543620593229,1.0000000000000004,0.6340800000000002
-1.02304016676581,0.3187537815827616,1.0000000000000004,0.8300200000000002
-0.9765798802470139,0.2940306124748488,1.0000000000000004,0.83864
-1.230903659030454,0.40942394347417316,1.0000000000000004,0.8090600000000002
-1.1282176948516904,0.373178287058035,1.0000000000000004,0.8165400000000002
-1.1515884267105285,0.378241560241293,1.0000000000000004,0.8210400000000002
-0.8793135681732073,0.19888857444731178,1.0000000000000004,0.8582800000000002
-0.771982287159103,0.13217077239108055,1.0000000000000004,0.8654000000000001
-1.0297897358608248,0.3140044820207628,1.0000000000000004,0.8382400000000001
-0.7438110900751289,0.10086744956665114,1.0000000000000004,0.8727800000000002
-0.7254600463906401,0.09487938622011353,1.0000000000000004,0.8719600000000003
-0.9158979810585365,0.2548203151397991,1.0000000000000004,0.8463200000000002
-0.8952820160732242,0.2326029837529723,1.0000000000000004,0.8523400000000001
-0.8690840642359053,0.2210769520080978,1.0000000000000004,0.8522800000000001
-0.9448217155628056,0.27168863919772707,1.0000000000000004,0.8425400000000002
-2.2547889961715244,0.7133245927172629,1.0000000000000004,0.6005400000000002
-3.3861220685653683,0.9275821220479638,1.0000000000000004,0.24234000000000006
-1.24839959340053,0.41300660218051854,1.0000000000000004,0.8063600000000001
-1.0438362222100177,0.3254526416391842,1.0000000000000004,0.8309000000000002
-0.7674749825159336,0.09388227242539587,1.0000000000000004,0.8745000000000003
-0.7332974729456327,0.10445459357157903,1.0000000000000004,0.8692000000000002
-1.0652004103028736,0.3406734320904535,1.0000000000000004,0.8250200000000002
-1.78715869244171,0.5870816316655332,1.0000000000000004,0.7021600000000002
-0.9086130545907979,0.21459110991588823,1.0000000000000004,0.8566200000000002
-0.8158059091506734,0.17934524904524443,1.0000000000000004,0.85916
-0.9615217903890606,0.2890673101487831,1.0000000000000004,0.83964
-1.9493350897424253,0.6367122254009594,1.0000000000000004,0.6682800000000002
-1.0536132777881568,0.33549184934466825,1.0000000000000004,0.8260800000000001
-1.2168394597950953,0.4032484780633166,1.0000000000000004,0.8100200000000001
-0.8913331998749642,0.22112338313055563,1.0000000000000004,0.8545800000000001
-0.8274819908923084,0.17222135908296132,1.0000000000000004,0.8610200000000001
-1.0398671213381763,0.31576522454255973,1.0000000000000004,0.8369400000000001
-0.7938057491813372,0.15789948726991854,1.0000000000000004,0.8620000000000001
-0.9950777445477013,0.3040218627504238,1.0000000000000004,0.8333600000000001
-1.1244398479146949,0.3621536704459113,1.0000000000000004,0.8262800000000002
-0.9569548861914968,0.2790111179775928,1.0000000000000004,0.8411200000000001
-1.2494575285731546,0.4134412294648357,1.0000000000000004,0.8072400000000003
-0.7356740781674183,0.08479437830292591,1.0000000000000004,0.8742400000000002
-0.8674182509223363,0.18329333025556024,1.0000000000000004,0.8608400000000002
-0.7956824746294232,0.162148031870981,1.0000000000000004,0.8601000000000001
-0.8215112831573559,0.18665876846790921,1.0000000000000004,0.8581200000000001
-0.7148262431824565,0.06563365552584316,1.0000000000000004,0.8788200000000002
-1.2162788662151214,0.4010105189398207,1.0000000000000004,0.8128000000000001
-0.715958712218148,0.0782868686397848,1.0000000000000004,0.8761400000000003
-1.2360378875293607,0.41031239252686497,1.0000000000000004,0.8054400000000002
-1.260557160376603,0.41815371710199006,1.0000000000000004,0.8033400000000002
-1.0194847283941149,0.29732158811435294,1.0000000000000004,0.8424400000000002
-0.7773801371026013,0.11090761469292448,1.0000000000000004,0.8717800000000002
-1.9805845229100705,0.6465091847822072,1.0000000000000004,0.6631600000000001
-0.7000426005054328,0.07958163501706082,1.0000000000000004,0.8745200000000002
-1.0198874996035017,0.3116713291920438,1.0000000000000004,0.8384200000000002
-0.6610841792860006,0.04875543018230269,1.0000000000000004,0.8785600000000001
-0.9513458677412325,0.2789113193144584,1.0000000000000004,0.8413600000000001
-0.9789174345215431,0.27304516088886965,1.0000000000000004,0.8468000000000002
-1.0397748829477071,0.323015521288349,1.0000000000000004,0.8321000000000002
-0.9313521524348901,0.2665053386328086,1.0000000000000004,0.8441800000000002
-0.8320950980140966,0.19496146587091426,1.0000000000000004,0.8560400000000002
-0.7735051587549097,0.1350794086565789,1.0000000000000004,0.8648000000000002
-2.0595592796086613,0.6698482438087324,1.0000000000000004,0.6460600000000002
-0.8031049362489798,0.1343986072442593,1.0000000000000004,0.8697800000000002
-0.7839862725812465,0.12164581744740136,1.0000000000000004,0.8694200000000002
-2.146659420544198,0.6917890349103104,1.0000000000000004,0.6265200000000002
-2.6514788707832344,0.8019430209322734,1.0000000000000004,0.49710000000000015
-0.679498039712325,0.05742339174685489,1.0000000000000004,0.87848
-0.8715455898495017,0.20310153614136528,1.0000000000000004,0.8575000000000003
-0.6833081979527424,0.06328256277061545,1.0000000000000004,0.8769600000000002
-0.7209147809811743,0.0958260704949074,1.0000000000000004,0.8712600000000003
-0.7840371531784043,0.11298664416006234,1.0000000000000004,0.8713600000000001
-1.1084095976596686,0.34633915946872806,1.0000000000000004,0.82842
-0.7984586589313388,0.15554215296365004,1.0000000000000004,0.8621800000000002
-3.2454587838117295,0.8944911441439057,1.0000000000000004,0.3046600000000001
-0.8986752374275265,0.2208247429122752,1.0000000000000004,0.8549600000000002
-3.3825333985152604,0.9253995981794717,1.0000000000000004,0.2440200000000001
-0.9546366726046664,0.2702925139523944,1.0000000000000004,0.8442200000000002
-1.0241370883445595,0.31358779091524563,1.0000000000000004,0.8377800000000002
-1.160722547152544,0.38022575672467407,1.0000000000000004,0.8202200000000003
-2.587802795022926,0.7903366730297976,1.0000000000000004,0.5169400000000001
-1.1473391084346565,0.37585623986599287,1.0000000000000004,0.8201600000000001
-1.0327297847060986,0.3229621446928904,1.0000000000000004,0.8295000000000002
-1.0639058060502715,0.33407753731145234,1.0000000000000004,0.8297200000000001
-0.8068171716960869,0.17125635502017394,1.0000000000000004,0.8592800000000002
-0.6835295597969601,0.06351557860975998,1.0000000000000004,0.8755200000000002
-0.7001326514007976,0.07967602376620665,1.0000000000000004,0.8738
-1.1977812337994764,0.3971051855793492,1.0000000000000004,0.8155000000000001
-0.9230741176191828,0.25723457176887354,1.0000000000000004,0.8454800000000001
-2.082070788872947,0.680847494432199,1.0000000000000004,0.6429600000000001
-0.7405861797056925,0.08610678707861556,1.0000000000000004,0.8756800000000001
-0.7526388864127637,0.09297561497682594,1.0000000000000004,0.8747000000000003
-0.7942970029930271,0.16118695474424652,1.0000000000000004,0.8614
-0.9716548740148833,0.2685360850151569,1.0000000000000004,0.8456600000000002
-0.847011633881925,0.2020650917472128,1.0000000000000004,0.8565000000000002
-0.7948630684159751,0.15025760620624823,1.0000000000000004,0.8636200000000002
-1.1847782721805837,0.3946658980923312,1.0000000000000004,0.81044
-1.0644898715407884,0.3303644148355803,1.0000000000000004,0.8352200000000002
-3.232963612455572,0.8913790143923854,1.0000000000000004,0.3099200000000001
-0.920899461163335,0.23550332742147687,1.0000000000000004,0.8532400000000001
-2.822350756982384,0.8267419488728649,1.0000000000000004,0.4492200000000001
-1.1148200918259494,0.36526517615794774,1.0000000000000004,0.8209800000000002
-1.002287070632878,0.2827930057186135,1.0000000000000004,0.8451200000000001
-0.8595845631160984,0.21419184747414596,1.0000000000000004,0.8538200000000001
-3.3912011553824857,0.9296229737957274,1.0000000000000004,0.24166000000000007
-1.2274565172571803,0.4053714574818991,1.0000000000000004,0.8099800000000003
-0.654566194979448,0.042321331801798645,1.0000000000000004,0.8791800000000002
-1.1396640340188262,0.3699642771671007,1.0000000000000004,0.8235600000000002
-0.8050330549317364,0.16689575848944949,1.0000000000000004,0.8611000000000001
-1.237983090943516,0.4117433019134446,1.0000000000000004,0.8085600000000002
-2.509877027964457,0.7741713927754938,1.0000000000000004,0.5375200000000001
-3.3263025884478155,0.9104678967938251,1.0000000000000004,0.26892000000000005
-0.709180607209487,0.07162485896370367,1.0000000000000004,0.8773000000000002
-0.9452729435046883,0.2533585594203016,1.0000000000000004,0.8484600000000001
-1.229907838641141,0.40635086610025956,1.0000000000000004,0.8087400000000002
-0.739348127707472,0.08007609444788895,1.0000000000000004,0.8763200000000002
-0.8346423117625376,0.18064670518911494,1.0000000000000004,0.8595600000000002
-1.087657650906234,0.3492573006007937,1.0000000000000004,0.8231800000000001
-0.8883150555744865,0.23460752686385222,1.0000000000000004,0.8488000000000002
-0.7883308995520196,0.12175857000195787,1.0000000000000004,0.8694800000000003
-1.0230020391459305,0.3181849694849143,1.0000000000000004,0.8307800000000002
-1.0075521984143074,0.3122462493500124,1.0000000000000004,0.8326800000000002
-0.7058857573498989,0.07744472750367401,1.0000000000000004,0.8746200000000001
-0.6649763209757124,0.05254611389827149,1.0000000000000004,0.8796000000000002
-0.8547430561550423,0.21227696744355712,1.0000000000000004,0.8543600000000001
-0.9667110340299948,0.28118285926994213,1.0000000000000004,0.8416800000000002
-2.18577487557357,0.6998829692257387,1.0000000000000004,0.61594
-3.227398668797497,0.8855801757598543,1.0000000000000004,0.3092600000000001
-0.9962313525374402,0.30286001478879143,1.0000000000000004,0.8354600000000002
-0.8277391083383218,0.19130347399041467,1.0000000000000004,0.8564800000000002
-0.7937843196025529,0.1476525940109844,1.0000000000000004,0.8662800000000002
-3.277530880098261,0.9034509772881482,1.0000000000000004,0.29082
-0.9743881572362907,0.29230982044886006,1.0000000000000004,0.8389400000000001
-2.2658328201932973,0.7161823397357125,1.0000000000000004,0.5971600000000001
-0.8255455594954055,0.1850601118805801,1.0000000000000004,0.8589800000000003
-1.2312532485187195,0.40669273895690355,1.0000000000000004,0.8095000000000002
-0.9906512971971823,0.3020219334855368,1.0000000000000004,0.8350200000000002
-0.8316553936496999,0.18002432576060978,1.0000000000000004,0.8597
-1.9522033258416265,0.6380854162631073,1.0000000000000004,0.6685600000000002
-1.0172157548808547,0.3108067551637528,1.0000000000000004,0.8384000000000001
-2.074830303034705,0.6746266541436217,1.0000000000000004,0.6415000000000002
-0.8648697301897692,0.2165621905315516,1.0000000000000004,0.8530400000000002
-0.8380554450987268,0.18766866858417336,1.0000000000000004,0.8591200000000001
-0.9845243324168544,0.29189357497866353,1.0000000000000004,0.8404
-1.290866734586393,0.42776570741414494,1.0000000000000004,0.7981000000000001
-0.7338616624987114,0.07213481496504287,1.0000000000000004,0.8777
-0.8572357099524752,0.20241878943926866,1.0000000000000004,0.8567800000000002
-1.2527113713327453,0.41611134429454,1.0000000000000004,0.8043200000000001
-1.825972254269512,0.5899091994712401,1.0000000000000004,0.6949600000000001
-0.9288530536841749,0.2296189960309821,1.0000000000000004,0.85394
-0.8154485459422671,0.17828542753658327,1.0000000000000004,0.8575400000000002
-0.7109785116066691,0.07437368168027203,1.0000000000000004,0.8750200000000002
-0.9704183654274245,0.28911754021092484,1.0000000000000004,0.8396800000000002
-0.8895446427014867,0.20191216130958037,1.0000000000000004,0.8578000000000002
-0.7634685870915139,0.12233537342953275,1.0000000000000004,0.8671200000000001
-0.9781555303173531,0.2951651514671399,1.0000000000000004,0.8364000000000001
-0.9859718983430096,0.28633112670311717,1.0000000000000004,0.84218
-1.1934045603076597,0.3972484790778794,1.0000000000000004,0.8052600000000002
-2.0290634875535725,0.6597542406302359,1.0000000000000004,0.6515400000000002
-0.7171014080398249,0.09245714525188524,1.0000000000000004,0.8723400000000001
-1.298299508309034,0.43211729135123345,1.0000000000000004,0.7939600000000001
-0.7161016245657875,0.09380316098963169,1.0000000000000004,0.8708000000000001
-1.8341482385856236,0.6013570970855987,1.0000000000000004,0.69254
-1.0270126840295397,0.31704224964812305,1.0000000000000004,0.8332800000000002
-0.6974663147940857,0.07304172068911133,1.0000000000000004,0.8756200000000001
-0.8456494235541767,0.179957603507344,1.0000000000000004,0.8601200000000001
-0.6508387063083056,0.03865056318763316,1.0000000000000004,0.87916
-2.9199804914350627,0.8437407336810459,1.0000000000000004,0.4172000000000002
-0.8581556986996373,0.20312970691139065,1.0000000000000004,0.8565400000000002
-1.0230853241096762,0.31943876596265297,1.0000000000000004,0.8301200000000001
-0.9039649524043517,0.2249964163740556,1.0000000000000004,0.8540200000000002
-0.7531573065749562,0.11114145761482418,1.0000000000000004,0.8700200000000001
-0.8520503852822955,0.16726197246203053,1.0000000000000004,0.8634000000000001
-1.0035797809857956,0.3095795290756163,1.0000000000000004,0.8335200000000003
-0.8783093812552794,0.22785088473660386,1.0000000000000004,0.8515600000000002
-0.7569104227275942,0.12026641447909456,1.0000000000000004,0.8689400000000003
-0.6896245636495246,0.06954283667696089,1.0000000000000004,0.8751800000000002
-0.6643892876089897,0.05201060744947204,1.0000000000000004,0.8794200000000001
-1.0084665416427272,0.31027049889382047,1.0000000000000004,0.8328400000000001
-0.9736665618689307,0.2808024754085154,1.0000000000000004,0.8428400000000001
-1.0032836693338516,0.3099881959917558,1.0000000000000004,0.8322000000000002
-0.9721448811502315,0.2898117543348239,1.0000000000000004,0.8397600000000002
-2.2373462756979636,0.7074266898528672,1.0000000000000004,0.6036400000000001
-0.9730593088520688,0.28039667744006597,1.0000000000000004,0.8446200000000001
-0.7595156284612153,0.10434555789285385,1.0000000000000004,0.8723800000000002
-0.8328967339925496,0.15889460713130596,1.0000000000000004,0.8630600000000002
-3.377569734524101,0.9236182222784038,1.0000000000000004,0.24444000000000007
-3.375860650734897,0.923275760420688,1.0000000000000004,0.24562000000000006
-0.6980975760570748,0.0613332201791277,1.0000000000000004,0.8791800000000002
-1.0142084626161305,0.30915741378226996,1.0000000000000004,0.8363600000000001
-1.8876304704553515,0.6179128644165391,1.0000000000000004,0.6819600000000001
-2.002220690810749,0.652031355172964,1.0000000000000004,0.6580800000000001
-1.0576978688441458,0.3316327797473304,1.0000000000000004,0.8300200000000002
-2.3589964238360417,0.7454964274567124,1.0000000000000004,0.5791400000000001
-0.8598545834058734,0.18634148811013923,1.0000000000000004,0.8606200000000002
-0.9864111681309239,0.29041299760650907,1.0000000000000004,0.8419400000000001
-1.0203279759962527,0.31664759845810464,1.0000000000000004,0.8319800000000002
-1.0753006510442256,0.3373395796697373,1.0000000000000004,0.8309000000000001
-1.1341889345010323,0.37135922088890994,1.0000000000000004,0.8178800000000002
-1.1243754208041523,0.3603605398147841,1.0000000000000004,0.8267800000000002
-1.919524656769852,0.627075090948124,1.0000000000000004,0.6752600000000002
-0.6614770630743042,0.04973597282757633,1.0000000000000004,0.8798200000000002
-0.7910283326662328,0.15694065802574697,1.0000000000000004,0.8602800000000002
-1.26181228545076,0.41684497543100996,1.0000000000000004,0.8038000000000002
-0.9809247777973944,0.2968351004937961,1.0000000000000004,0.8379600000000001
-2.437212838172446,0.7600118353940072,1.0000000000000004,0.55642
-1.9815066970413393,0.6469572693333869,1.0000000000000004,0.6622600000000002
-0.7406199690316969,0.09938860512236061,1.0000000000000004,0.8714000000000002
-0.9575059943935321,0.28483383384284877,1.0000000000000004,0.8395000000000002
-2.040670855015002,0.6629724816062315,1.0000000000000004,0.6494200000000002
-1.2368547222210118,0.4095554954326418,1.0000000000000004,0.8088000000000002
-1.021682645196559,0.3174493986845674,1.0000000000000004,0.8322000000000002
-2.160151499500106,0.6982647087160205,1.0000000000000004,0.6229400000000003
-0.780297039455991,0.13837745453337164,1.0000000000000004,0.8661000000000001
-0.841835568975642,0.17115463355068783,1.0000000000000004,0.8621800000000001
-3.3897055445626814,0.9290980275398397,1.0000000000000004,0.2416800000000001
-2.745848565143819,0.8184342836274667,1.0000000000000004,0.4697000000000001
-0.7758276985024637,0.13894281853033005,1.0000000000000004,0.8633400000000001
-0.9590120220001108,0.27554596117711616,1.0000000000000004,0.8435800000000001
-0.7869575168203264,0.13012160802849582,1.0000000000000004,0.8672000000000002
-0.861209535861297,0.21329652856446682,1.0000000000000004,0.8539800000000002
-1.1111961796396794,0.3464304810125592,1.0000000000000004,0.82894
-0.9530475446069321,0.2538031551007891,1.0000000000000004,0.8493800000000001
-0.7055498064271191,0.06784734870293403,1.0000000000000004,0.8773600000000001
-1.0605569742203615,0.3259353022447082,1.0000000000000004,0.8357200000000001
-0.7123900196190345,0.0877669150757281,1.0000000000000004,0.8717600000000002
-0.953712005785359,0.24754219325004315,1.0000000000000004,0.8509800000000002
-1.194322917191577,0.39834442021692396,1.0000000000000004,0.8092000000000001
-0.6681041642236965,0.05261458607967306,1.0000000000000004,0.8787800000000001
-0.6947537329376718,0.063057668840767,1.0000000000000004,0.8791200000000001
-0.6910269902544538,0.0601745798343617,1.0000000000000004,0.8792400000000001
-0.7959409575612062,0.16409751770595335,1.0000000000000004,0.8609800000000001
-0.8750733101970302,0.21649921546516263,1.0000000000000004,0.8551400000000001
-1.2806668729868091,0.4251903859263069,1.0000000000000004,0.7993000000000002
-0.8113114948088546,0.17182098197993656,1.0000000000000004,0.8603600000000001
-0.9410754112672775,0.2711714003174472,1.0000000000000004,0.8422400000000001
-0.8720322446879546,0.22296894644833257,1.0000000000000004,0.8511000000000002
-0.8498805619343299,0.20752654985373015,1.0000000000000004,0.8549800000000002
-0.7754904845716554,0.14283430029353864,1.0000000000000004,0.8625400000000002
-0.8288003187067557,0.16616947355062955,1.0000000000000004,0.8617000000000001
-0.7758621878845697,0.1362496670000148,1.0000000000000004,0.8635000000000002
-1.0833168818510417,0.33432224467716415,1.0000000000000004,0.8333800000000001
-0.8682174070218942,0.21863367184675772,1.0000000000000004,0.8518200000000001
-0.9183531075593659,0.2566218618799704,1.0000000000000004,0.8461000000000002
-0.8865828102016401,0.1979898254461871,1.0000000000000004,0.8595000000000003
-0.9968443100998031,0.30935447968195445,1.0000000000000004,0.8353
-0.8061057269871942,0.1673605482769215,1.0000000000000004,0.8603800000000001
-1.0462371284481846,0.3304933975216961,1.0000000000000004,0.8324000000000003
-2.1452916305987744,0.6902780273397386,1.0000000000000004,0.6260400000000002
-1.3714202637117658,0.4574020848679818,1.0000000000000004,0.7824000000000001
-0.7017008051856187,0.06268433489360525,1.0000000000000004,0.8794000000000001
-0.8413791058779684,0.18962547276123443,1.0000000000000004,0.8572600000000002
-1.0158493851272454,0.31404468403113933,1.0000000000000004,0.8334000000000003
-1.1335483576292877,0.36818830337358066,1.0000000000000004,0.8227000000000002
-3.3855261018233507,0.9268268220667407,1.0000000000000004,0.24292000000000008
-0.7509491316585243,0.12586452243624352,1.0000000000000004,0.8668600000000001
-1.1311191347255478,0.3732436933936715,1.0000000000000004,0.8139200000000001
-1.21895806159956,0.40410552736955413,1.0000000000000004,0.80924
-0.9224447701336507,0.254053951934833,1.0000000000000004,0.8465600000000002
-0.8615428118294207,0.21526705171192656,1.0000000000000004,0.85216
-0.6887239806510145,0.06929537515537874,1.0000000000000004,0.8756200000000001
-0.7499922151675057,0.10581070950998801,1.0000000000000004,0.8716400000000002
-1.0687501768489023,0.340042640371957,1.0000000000000004,0.8270400000000002
-0.7278948344728767,0.06816686477355789,1.0000000000000004,0.8783600000000001
-3.3896125093738254,0.928604148396634,1.0000000000000004,0.24144000000000007
-1.932207898214096,0.6314452612555812,1.0000000000000004,0.6725200000000001
-1.9485898490418416,0.6357659377794019,1.0000000000000004,0.6690600000000002
-1.961602956066186,0.6416818167651351,1.0000000000000004,0.6671600000000002
-0.8619904394626582,0.19334660538554851,1.0000000000000004,0.8583000000000002
-0.9863866771636133,0.29962316805263933,1.0000000000000004,0.8361000000000002
-2.3026854580196443,0.7252314330881168,1.0000000000000004,0.5898600000000002
-0.96677430383114,0.27725407993529927,1.0000000000000004,0.8436400000000001
-0.7050396167521008,0.08129031572087295,1.0000000000000004,0.8736200000000001
-0.6689311678631409,0.05395308195609532,1.0000000000000004,0.8799000000000002
-0.9240911750868427,0.2579501441141079,1.0000000000000004,0.8480800000000002
-1.1346287594673639,0.3747350670912746,1.0000000000000004,0.8175800000000002
-0.6753672860346428,0.05917294951028562,1.0000000000000004,0.8761200000000001
-0.9945552681132189,0.30297864601088054,1.0000000000000004,0.8338600000000002
-2.3423997296966115,0.7353170906923749,1.0000000000000004,0.5781400000000001
-0.617222867822216,0.001142694550205044,1.0000000000000004,0.8788200000000002
-0.9622540812187672,0.2783436187115666,1.0000000000000004,0.84252
-1.8691418939744289,0.6129138505908965,1.0000000000000004,0.6854600000000003
-1.2186724691989557,0.40723486584003393,1.0000000000000004,0.8032800000000002
-2.9034274225488086,0.8389472997875387,1.0000000000000004,0.42398000000000013
-0.8280444553555378,0.18743539982946586,1.0000000000000004,0.8575200000000002
-0.730016545071318,0.09003459138670715,1.0000000000000004,0.8728400000000002
-1.1933097655160458,0.39375169382783876,1.0000000000000004,0.8158400000000001
-0.9030667879248244,0.23444311703846846,1.0000000000000004,0.8525600000000002
-0.7120144913630718,0.06490960038595904,1.0000000000000004,0.8790200000000002
-3.344002237306254,0.9166299907283961,1.0000000000000004,0.2645600000000001
-2.1999249466718,0.7022825132183029,1.0000000000000004,0.6138800000000001
-3.3916491758705005,0.9299380249895627,1.0000000000000004,0.24108000000000007
-3.2522017031884034,0.8951726810038205,1.0000000000000004,0.3032
-0.8381286640016626,0.19926494165608044,1.0000000000000004,0.8560200000000002
-0.8821784267954125,0.19636892045850113,1.0000000000000004,0.8589800000000001
-0.9662559390338984,0.2837802198904256,1.0000000000000004,0.8416600000000002
-0.7694892997602814,0.13085617050006632,1.0000000000000004,0.8657000000000002
-0.7260243029847026,0.09871824779015767,1.0000000000000004,0.8700800000000002
-0.9811300097703227,0.2833370676620827,1.0000000000000004,0.8423400000000002
-1.1278979424613569,0.3646516919305121,1.0000000000000004,0.8245200000000003
-1.4118944183059903,0.4630990418275875,1.0000000000000004,0.7749400000000001
-0.9862856599121647,0.2965882613741587,1.0000000000000004,0.8400400000000002
-1.1467496069655136,0.3707565285361154,1.0000000000000004,0.8228800000000001
-0.7757438891049173,0.13587513491083944,1.0000000000000004,0.8638200000000001
-0.8573839987762728,0.21390953177552358,1.0000000000000004,0.8528600000000002
-0.7204877184174925,0.06743743898733393,1.0000000000000004,0.8796600000000001
-2.3110870374791186,0.7258865680124855,1.0000000000000004,0.5864600000000002
-0.8686838604463619,0.2032569218407482,1.0000000000000004,0.8564200000000001
-0.7248724053624406,0.09831356151904083,1.0000000000000004,0.8696200000000002
-1.0531770531726579,0.33406623308169164,1.0000000000000004,0.8248600000000001
-0.7999729659131074,0.16606281126657801,1.0000000000000004,0.8613600000000001
-0.8470435000400166,0.19989905394066076,1.0000000000000004,0.8565800000000001
-1.0347059127544773,0.32581438765652626,1.0000000000000004,0.8297000000000003
-1.007656665697399,0.28597918507107434,1.0000000000000004,0.8439600000000002
-0.9174876248409107,0.22066630569061757,1.0000000000000004,0.8550000000000001
-1.0930850155629934,0.34637398836078814,1.0000000000000004,0.8267200000000001
-1.017475670074048,0.3126298478808583,1.0000000000000004,0.8346600000000001
-0.6706412819497142,0.05417781873725963,1.0000000000000004,0.8793200000000002
-0.8230092097889758,0.14147850991630398,1.0000000000000004,0.8666600000000001
-1.2177600517210263,0.40573244306662626,1.0000000000000004,0.8025000000000001
-0.9695351870315032,0.26736483271545775,1.0000000000000004,0.8492400000000002
-2.141753222438379,0.6896080488868627,1.0000000000000004,0.6264400000000002
-0.7303439656478786,0.07560956212090737,1.0000000000000004,0.8773600000000001
-0.8175259187512386,0.18424254621398087,1.0000000000000004,0.8570600000000002
-2.2796001922238585,0.7200936646499126,1.0000000000000004,0.5943800000000001
-0.6943490075453612,0.06053027399368155,1.0000000000000004,0.8791000000000001
-0.7131440270444034,0.08469487099292541,1.0000000000000004,0.8740600000000002
-0.991446265569039,0.299979740447007,1.0000000000000004,0.8388400000000001
-2.001979474161578,0.6523145003206323,1.0000000000000004,0.6577200000000002
-1.012870461286324,0.3129548606271909,1.0000000000000004,0.8322000000000002
-0.7815876509569486,0.1475227614551659,1.0000000000000004,0.8631400000000002
-0.7967660276934937,0.15136468910904458,1.0000000000000004,0.8634200000000002
-2.8898675336848507,0.8363148262695909,1.0000000000000004,0.42920000000000014
-2.029268234427085,0.6603740965293677,1.0000000000000004,0.6517400000000001
-2.3111349144360847,0.7265186405790401,1.0000000000000004,0.5884400000000002
-1.0851042488207425,0.34112112965115166,1.0000000000000004,0.83296
-0.8402451813563234,0.1770301708479899,1.0000000000000004,0.8611800000000002
-0.8974140309047614,0.2416948388738381,1.0000000000000004,0.8506400000000001
-0.949271738489208,0.27754621126583695,1.0000000000000004,0.8402200000000003
-2.5534688116158413,0.7818151944858405,1.0000000000000004,0.5243600000000002
-0.9456758299181678,0.2721252035877496,1.0000000000000004,0.8424800000000001
-0.7269027236482579,0.10113050835679505,1.0000000000000004,0.8695400000000002
-2.4681110171969203,0.7692554143245559,1.0000000000000004,0.5490000000000002
-1.0028427402669655,0.29033790348708277,1.0000000000000004,0.8427800000000002
-1.0557143220542264,0.3357257850730567,1.0000000000000004,0.8245400000000002
-0.7488920690317351,0.09082893803337709,1.0000000000000004,0.8741600000000002
-0.7697943377100505,0.13636360447443044,1.0000000000000004,0.8628000000000002
-0.7365567647023008,0.06990388453731478,1.0000000000000004,0.8784800000000001
-1.3398718616669139,0.44447120287056363,1.0000000000000004,0.7888400000000001
-0.8339345893967279,0.16970895491923516,1.0000000000000004,0.8619600000000002
-0.7696515423060597,0.13228240275548608,1.0000000000000004,0.8632000000000002
-1.8384579451148664,0.6035119387494997,1.0000000000000004,0.69148
-1.0961946824210531,0.35363080181737305,1.0000000000000004,0.8278600000000002
-0.696353253947043,0.07534123516915785,1.0000000000000004,0.8741200000000001
-1.0734475824755185,0.33061653627861914,1.0000000000000004,0.8332
-1.786925239289244,0.5872615658495595,1.0000000000000004,0.7018200000000001
-0.8037176874491884,0.1243024258257684,1.0000000000000004,0.8699600000000003
-3.3576057358391407,0.9215322904630078,1.0000000000000004,0.26056000000000007
-0.8642602260183327,0.21694374822342222,1.0000000000000004,0.8520600000000002
-1.0886959246660282,0.3410531341885066,1.0000000000000004,0.8330600000000001
-1.1247507107511165,0.3692148846558516,1.0000000000000004,0.8168200000000002
-1.1747042716508846,0.38497960475852766,1.0000000000000004,0.8182000000000001
-0.8247403225596724,0.17985624688337498,1.0000000000000004,0.8590000000000002
-1.7094992787206567,0.5672759595944042,1.0000000000000004,0.7173600000000001
-0.6706304573300912,0.05625913099830383,1.0000000000000004,0.8774200000000002
-1.022394479972129,0.3105974554564707,1.0000000000000004,0.8390400000000002
-0.8219723203364043,0.17089470980032065,1.0000000000000004,0.8603800000000001
-2.032561846495584,0.6610155801609291,1.0000000000000004,0.6505400000000002
-0.9708803952151642,0.2791505603708008,1.0000000000000004,0.8431400000000002
-0.7137571190562608,0.06523146930673242,1.0000000000000004,0.8789800000000001
-1.867652209505945,0.6134546462652416,1.0000000000000004,0.6853600000000001
-0.9646398371484544,0.28563911976185447,1.0000000000000004,0.8398800000000002
