upstream_flooding,water_demand,electricity_demand
-26.72928252593337,-9.313700119901409,-0.012809003202746996
-26.20922518353315,-9.226508753143913,-0.014815989337015579
-5.463076820114595,-9.230601727835383,-0.34347645428500595
-7.1253022850649845,-9.052891435312791,-0.32725002259569885
-10.851087623389027,-9.139267053679275,-0.20064020010277933
-25.57807399366123,-9.276988876904182,-0.016155534299640905
-32.36157551483242,-9.333154492436512,-0.00443558367249793
-1.809121415158927,-10.49428710230523,-0.5990267439720915
-2.2424893632322282,-9.625805905498517,-0.5455180441332541
-27.768842817742218,-9.32170341339776,-0.01117210381163238
-9.894413099331116,-9.202560122261144,-0.23042849477991512
-13.045474724031322,-9.17536052370601,-0.11446164362244042
-29.175951769426316,-9.356344162364774,-0.00792701493354802
-5.747537198968194,-9.521484709473775,-0.288329678657061
-7.024392618428316,-9.039984726065285,-0.3320701978899152
-11.914767412043991,-9.084316016636341,-0.16713039379392938
-4.319506071619659,-9.451530865709628,-0.3495154665421593
-2.8727659013591222,-9.351126703257767,-0.5339789270899928
-30.27875449264367,-9.323277075833401,-0.007121120037612012
-4.266288113975243,-10.53358668466864,-0.34987369195190354
-25.04707556760383,-9.273905808388497,-0.01736965726066692
-3.5735243603823137,-9.948005136670684,-0.38323766800488324
-10.725941475248804,-9.097941936243775,-0.20680250661148863
-24.891852262990287,-9.33394437740751,-0.017794227528340454
-2.3297390719047755,-9.595696645363272,-0.5460147075167031
-2.083432446476619,-9.841190926719621,-0.56052384585616
-14.768742070921,-9.149330832010499,-0.09229168676369394
-25.931055671553125,-9.31042636204312,-0.01477215305304116
-5.790156412598388,-8.976895816786637,-0.4787726178041512
-3.1856541892680443,-9.458667516711152,-0.44476732245921113
-4.2768849380885445,-9.794258316974785,-0.33833864120124024
-25.53554514023024,-9.321689439128322,-0.016088035269710657
-31.608100566554103,-9.357260592600845,-0.004724667454903235
-16.461825970578097,-9.179828243504396,-0.06820564815712117
-4.169338764576586,-9.436679021013111,-0.3672733964876395
-9.941895099637073,-9.151194940476524,-0.22662668988398055
-8.037835791607339,-9.021664040913569,-0.29428587722690275
-19.573996346295306,-9.186145022335662,-0.04140755662876208
-4.5643323837140475,-9.356943870992517,-0.356630142461875
-4.06806673533268,-9.155594777352958,-0.5230320035732005
-1.897476924408165,-10.280991816772204,-0.5890753659509764
-8.420179121003976,-9.074260097324803,-0.27249874311682265
-29.83026351812551,-9.370091254366075,-0.0072013189954100425
-5.3420779786307415,-8.934389347612623,-0.5091005098246207
-12.445634923105425,-9.108449925816478,-0.1407460107191478
-9.588772302242402,-9.045017324444965,-0.24063432004014537
-22.172783320019988,-9.228283713527802,-0.02726771615637864
-4.031657524820078,-9.172527865907178,-0.5220076043786205
-8.325443191104803,-8.99944454209346,-0.27963211168289626
-18.30409829312072,-9.169021152336644,-0.05263201918091046
-22.9975747424316,-9.216558882462225,-0.025190901062465337
-2.441844600766497,-9.901050431068722,-0.5169491987119549
-1.8991461481563319,-10.219323534554565,-0.579935909994555
-9.265610458648014,-9.48750669410762,-0.21532010350190894
-8.222898751083337,-9.041017292449578,-0.2768198235412972
-6.585626926013919,-9.009441171896375,-0.3692329039821761
-5.950108893101967,-8.962319690138424,-0.4297512472236108
-37.001996321234024,-9.369644847868498,-0.0016671650643045074
-4.419279092062434,-9.591807565006242,-0.3323104576701026
-11.194581115965843,-9.159327566649653,-0.18918780876089678
-15.861310943013502,-9.160368047255409,-0.07975764386575657
-39.31301457667208,-9.427039461555527,-0.0014798648097589973
-9.200116307159366,-9.026617448247082,-0.2521456118071079
-22.832840438468057,-9.249056879497672,-0.025259925456251935
-33.39042714102372,-9.333748504294828,-0.0035670261966429177
-5.732966357212163,-9.595912903860823,-0.28711145706886687
-3.3700425548120467,-9.5743291859969,-0.4073911879088831
-7.992145326232244,-9.71006167594314,-0.23830075627682287
-5.991395469563711,-9.498209461479687,-0.28831156986410855
-4.475451760761371,-9.403787197790853,-0.36575164769127516
-2.0788507578744873,-9.841957767090252,-0.5618329742318838
-5.3831157475224085,-9.046078262355108,-0.4759767253549777
-27.172427612817103,-9.30596614561533,-0.011741130411983054
-11.080505905685321,-9.012646006241358,-0.21663639044060215
-3.5910566523175267,-9.741870002083228,-0.3831677938342815
-5.290981567514307,-9.290283564784033,-0.34932065781806465
-3.578249923040595,-9.887875055860892,-0.38265390251897263
-24.74647244539001,-9.245626228509362,-0.01827524315738344
-5.5555290266862585,-9.386607127074711,-0.30860579078941064
-3.0687918988340965,-9.86202565578244,-0.41949061526803527
-6.99106764932147,-9.121972328037174,-0.2936039448632864
-20.03148601040231,-9.231977308632093,-0.038523870915426965
-13.274056076284912,-9.172655386773927,-0.1079217302359119
-6.137384971244106,-9.699504197113466,-0.2792873051241377
-26.919576008445823,-9.275651255502682,-0.011849454356587828
-25.47885081533694,-9.24963608328984,-0.016915451250985133
-9.035529244155587,-9.007940114526296,-0.25696016626752877
-15.4592731011109,-9.188482744200435,-0.08270077971384447
-13.158544385082806,-9.12956395880825,-0.12315929868662727
-10.717621151199248,-9.08010537918149,-0.20946429251236182
-7.27339150336168,-8.995276190720492,-0.33151663403308823
-15.654839912094605,-9.158791430274418,-0.08008185506977097
-30.049484031642926,-9.34289802757766,-0.00731906480939443
-10.958271526337374,-9.037747986542913,-0.2057873442994059
-5.751647623756381,-8.954772057766688,-0.4931708602770541
-6.215525629389206,-9.532921174468221,-0.2827873712858586
-5.269168082796225,-8.985018392650272,-0.5105907678491569
-15.724598382648264,-9.21559757894235,-0.07973176014704333
-6.4748997277090075,-9.026324531741688,-0.3659719476449909
-7.034836762302603,-9.03526272894809,-0.3307504870547591
-10.086330940074625,-9.295010949825384,-0.21435741730515845
-5.73703472726898,-9.1152271434412,-0.3736594797760997
-7.269935720971729,-9.001876333046608,-0.32861864191609613
-30.82086679157486,-9.312760745975341,-0.005887178744310575
-5.548121614476375,-8.925573711094572,-0.5054309128644764
-7.238363419480828,-9.260699338917721,-0.2770940936748671
-7.451835120030064,-9.089717662402922,-0.2951379828210066
-6.596422905579877,-8.978862309581764,-0.3852146302529125
-12.012706870707074,-9.104359991155212,-0.16104634714942215
-11.240560577217517,-9.112166678932425,-0.18542477361511106
-3.5322386339036322,-9.681838225994237,-0.3865130173858432
-2.376974574090452,-9.49960307979121,-0.536955070998898
-11.932161688281813,-9.163781992584548,-0.1576854917826249
-7.989525900062684,-9.041374491884348,-0.28616234292038323
-3.6299032386880534,-9.679730590695257,-0.3789566398952483
-21.199176481475376,-9.22852064887009,-0.032693473923951104
-28.87214146866664,-9.249729136877423,-0.008851368583981743
-1.844292142142644,-10.385706962240128,-0.5935454418712223
-3.7336877469957135,-9.532287629697825,-0.386443700769507
-5.084994237461386,-9.465380542176142,-0.32425260002946754
-2.1080265240563953,-9.8012325057872,-0.5570125406338436
-34.933685983397766,-9.421084483575653,-0.003026317570725173
-25.69706058947756,-9.349206071988869,-0.015561963534483627
-4.730992903171819,-9.436686484747229,-0.337169017416144
-11.322920654300592,-9.130265472419905,-0.18423016967699402
-2.0223583116179364,-9.916183871757752,-0.5644898652425563
-35.693723908285854,-9.392625302150615,-0.0020909320114615533
-9.405336269290641,-9.180145689962261,-0.23244169891567373
-4.245021196762217,-9.233743843355988,-0.42225689330250343
-2.1360516700824514,-9.78320315641057,-0.5557486921859688
-12.68488703059054,-9.179659441324091,-0.13124885006648176
-41.17832091587987,-9.464045692267382,-0.0009412952362311235
-26.424518919036892,-9.281125332015574,-0.013035294664287416
-22.067282732681196,-9.199644402938166,-0.027846042653443096
-10.456190394707027,-9.16141896894454,-0.21818639864625153
-6.994091136746341,-9.105937480584974,-0.3058386402248624
-5.2360575342537325,-9.294087770792238,-0.3414277699112338
-7.957027025346048,-9.173495367789911,-0.2774701501589198
-10.333062060481247,-9.378868291361632,-0.2065458455100027
-14.915440361635993,-9.18706613920415,-0.08805048695113792
-6.067443522933084,-9.170957597439287,-0.34916502380270265
-39.24447932782173,-9.450355275794413,-0.0014442623141677938
-9.13653059968884,-9.140591501453004,-0.2477808701499067
-6.8692196151165685,-9.467015483204435,-0.2665599733540464
-4.001735689208959,-9.512398945109817,-0.3733595101186436
-7.400162297659079,-9.019413694713453,-0.3215995806071552
-41.47952538879082,-9.454823305176491,-0.0007059135980865523
-5.878392551730053,-9.108074537010841,-0.35927985373633725
-6.825000770775971,-9.048311866007378,-0.3309628559148654
-8.253874082172738,-9.190430271264278,-0.25978737037458444
-31.25445194557679,-9.334417668667236,-0.0056407301474331335
-24.729625786401638,-9.247061807071775,-0.018160285731490047
-9.288159909529377,-9.114786915373646,-0.2500976584348093
-27.094421030130633,-9.333171720838035,-0.011048511153872748
-32.92893720168211,-9.396439207447425,-0.004352011841359362
-17.047088459519735,-9.09454465933757,-0.06226266099818079
-4.900650585562224,-10.33729040683832,-0.3275795346952579
-5.922468118973128,-9.019457850459824,-0.4542790795777931
-5.58786705022791,-8.907274174174326,-0.501206949195009
-6.2740117758416645,-9.037608603963124,-0.3966687831834422
-5.965172462948355,-9.291299073882612,-0.31815190199908716
-5.9508836913155365,-9.174303826107105,-0.3275698069263684
-36.80509237653282,-9.39205516366176,-0.002121489290892107
-24.472642272418067,-9.260734350177298,-0.01862046474976454
-7.600285872182867,-9.24522626851136,-0.2667742150366955
-6.803882868660863,-9.00406886837946,-0.35452923938019454
-25.10091764510458,-9.316870713996513,-0.016938322743660934
-7.302336091419332,-8.949693401682815,-0.3282084001108605
-36.475917887557266,-9.328850378292493,-0.0022151986939280837
-7.7006980258413495,-8.996517713324423,-0.304714243590956
-3.9874011938100313,-9.172052845584462,-0.5238745517582079
-2.300979275984968,-9.601300506639054,-0.5486771557620407
-5.815538441442865,-8.975310625049456,-0.48288776649405346
-18.391796703706802,-9.186994957823877,-0.05196940546210757
-22.633860599462295,-9.241472146368396,-0.025542068223101153
-6.733024038354988,-9.00793654082697,-0.3572448741740294
-12.677486761871274,-9.187880115536863,-0.13361352671923601
-9.728577962259946,-9.135061231860776,-0.23044003867173443
-3.258028998656251,-9.857863997739566,-0.402728207404188
-8.157503691552312,-8.99702894065514,-0.2820558721108946
-5.08366162873678,-8.987128095211276,-0.5094257888353483
-5.369741180833827,-9.285388098996492,-0.33999038558811656
-12.717804755781087,-9.14465016777531,-0.1332351119016836
-6.024126119147457,-9.099244539589153,-0.34930848205363424
-6.136864735516046,-9.074416043707178,-0.363246779749606
-23.76467447988693,-9.253477013784943,-0.02201821696753021
-14.232312141073034,-9.101993826532343,-0.10132932259797525
-3.2838233967432284,-9.806175930281126,-0.39925569552744
-30.503884021953713,-9.347895397621445,-0.005551896275040654
-6.7170863006530075,-9.089321545414826,-0.3337361158522745
-6.007089838753737,-9.571205700920597,-0.2804122074167957
-12.374301687200154,-9.079784528177495,-0.1418082651745492
-7.723495973514112,-8.978526424639927,-0.30657014372502966
-6.307393280815144,-9.208614966924639,-0.31860577020630426
-42.373866371862604,-9.445841088715085,-0.0007081541745769203
-5.224709631041971,-9.402351522595005,-0.3101059636113267
-6.920788076260434,-8.935292474168836,-0.35228054229029004
-6.879531047304013,-9.281145285196022,-0.286471013560935
-30.588229224934715,-9.320238778169468,-0.00661686070795196
-9.186122298545035,-9.032565669803,-0.2562433658194376
-20.826328411648312,-9.294530202167696,-0.03438239880867182
-2.140931788696028,-10.814857139316457,-0.5510065255140503
-11.657075251588937,-9.110596438909074,-0.17114976770858312
-8.826336608168232,-9.404101627597134,-0.23315136011274235
-6.894449744465112,-9.108080666469338,-0.32795803592495293
-25.399302972625023,-9.331737416140212,-0.016061647983630294
-26.42426888092305,-9.289838018570652,-0.014358197625749455
-3.8944912580559308,-10.188354187481332,-0.36108706696089415
-5.531791407804922,-8.918372034356148,-0.50622292836066
-34.72219279993962,-9.37807092562219,-0.0030811359913133344
-7.213730051919823,-8.99652575747261,-0.3301773862125583
-30.3750000069846,-9.340482707043614,-0.006638266303155938
-29.54366337214175,-9.294379723870886,-0.008421750617940508
-16.359433661746795,-9.160425935075276,-0.07022960781272962
-41.84700432356205,-9.427801910772377,-0.0007520373871282604
-9.428399117570088,-9.243880187780562,-0.2324361678088007
-21.714863721226045,-9.236911334384871,-0.030416870780717486
-4.300648622795132,-9.181295645934995,-0.48410641406299143
-8.902722545955239,-9.020334430756625,-0.26235274123845237
-35.056453546592955,-9.347869388880238,-0.002637819508609235
-4.910546542375683,-9.216095047941101,-0.39358307171623186
-24.276615839386796,-9.248242446016786,-0.019240323072685462
-22.779353932335916,-9.274729707190517,-0.02402567012515972
-8.47900237199151,-9.080787590949472,-0.2626205865625029
-5.510490175568665,-8.92360852115915,-0.5064894668986946
-7.287141667683845,-8.979244790417754,-0.32433444937209244
-6.310644257039828,-9.036728954991643,-0.38998742941084125
-23.905044364266875,-9.245307786098296,-0.02045887268578615
-7.3772117143159575,-9.021368060670211,-0.32409800411003414
-4.229499093472948,-9.516338591023812,-0.3563440071385685
-3.5814727867438214,-9.232505462642278,-0.5270302051772783
-8.545141586559748,-9.200965624531367,-0.2546614124434183
-5.905819833237585,-8.946141226004487,-0.47085167034260345
-8.160922998101958,-9.288674200235564,-0.25176818940940765
-4.356881641403839,-9.65615498403771,-0.3390665270863234
-25.754722757250217,-9.290814942652338,-0.015554317900881505
-5.678302344044434,-9.22797585044815,-0.3504233916195243
-10.049234564871089,-9.0234128110544,-0.2404193712122597
-3.7378554098851695,-9.17967760479009,-0.5241629492948897
-12.553244573632673,-9.085470373932802,-0.13514507982760268
-39.83462044008431,-9.427854374672023,-0.001086061154110934
-7.04965216110341,-9.443069193982392,-0.27159248271587966
-26.732750051714596,-9.280453762198086,-0.01257961266716461
-7.492528315119698,-9.082354756803138,-0.29045470309958477
-6.911131678288963,-9.066206974075014,-0.3218947111365758
-34.97648090999027,-9.379940308212948,-0.0028868918870510614
-4.640543434955819,-9.609769766805716,-0.3276848743981155
-25.759817472060583,-9.284704253138642,-0.015221916609791396
-6.813602276801575,-8.962827793009504,-0.35323691468983465
-4.383152797856462,-9.062649948529845,-0.5127740020739612
-10.051985666891266,-9.01367029304238,-0.2455438536202824
-13.04259709091568,-9.110767169549133,-0.12488590302148513
-20.033449966370934,-9.263846281497866,-0.03844514028782828
-39.83377674773632,-9.435469542909592,-0.001465729556693692
-5.917384468852226,-9.201191231259173,-0.32998936866067735
-2.85000278626511,-9.357027263891002,-0.5319352708378885
-3.5573282410946097,-9.554099100406507,-0.38906541676692225
-3.03454228033479,-9.284340971940177,-0.5268309968977646
-7.065870052642926,-8.99925006356288,-0.3373750712117036
-6.794671212112344,-9.189985192689221,-0.3072309588623433
-24.0905527319037,-9.271041246385721,-0.019967711319885836
-3.3552399665768027,-10.037860093680179,-0.3903960418050524
-27.778275411443726,-9.31256275481025,-0.011015197710061203
-10.026646191349887,-9.067058338122632,-0.23459050871817774
-8.0270762978023,-9.622110133967933,-0.2366355083907273
-33.01293465811588,-9.34325802569565,-0.00408705995569385
-2.425763775655182,-10.62157067356902,-0.4892563370816079
-3.108235811163703,-10.218243873012275,-0.4111828479738767
-21.490131381153727,-9.24919973067502,-0.0310584794200704
-6.791498461413682,-9.709835888699624,-0.26716179680380087
-16.081150528477323,-9.179592184226626,-0.07488904865854844
-7.57777309726547,-9.317232858650002,-0.2637649115028659
-33.27757019893749,-9.345318767763734,-0.003846097604083706
-19.321310019508747,-9.241844212596497,-0.04295654901287486
-18.415184599877975,-9.21748976075193,-0.0503661629907334
-1.8208888111846533,-10.43875488487633,-0.5991769703443272
-9.79826531212111,-9.082450753390477,-0.23613713061803776
-9.906255820929207,-9.24039174577064,-0.22433092006960198
-4.915284080495045,-9.904361401492853,-0.31620757390162796
-2.272670773975827,-9.618466498809584,-0.5482500794228159
-19.19727357431983,-9.217950284594348,-0.043375765299940056
-7.669611542283382,-8.999238170919693,-0.2983283139282613
-3.7129723149063945,-9.351257072850121,-0.45211097130460554
-22.97172388737483,-9.276240999147664,-0.023767668242373776
-29.38432142140452,-9.363040553444364,-0.007714261351418916
-7.4473365238104,-8.995161548288033,-0.3157944366603207
-21.63286386094678,-9.24266980933253,-0.029703640900009716
-6.326482765053857,-8.979520367359237,-0.40586341722957914
-29.23862737125734,-9.325136507905324,-0.008252887949479667
-4.398457646566229,-9.158588000010571,-0.47402667413325966
-2.3451515825477287,-9.541066031072324,-0.5416767953819733
-14.675611748342645,-9.171796844707027,-0.09295484167624289
-9.395782604133256,-9.03695773053632,-0.2516718552941496
-7.381668593142658,-8.987163005985334,-0.322886684846141
-7.919385851248037,-8.978070851428305,-0.2958298309670582
-21.73077162209318,-9.288842721994875,-0.029365373100511554
-7.315211080777303,-9.031665882552028,-0.32063530192213147
-4.283566817187371,-9.724272899224143,-0.3518318732192971
-14.831407803853429,-9.187763536115025,-0.09017447397540464
-3.6197747295182436,-9.57433535652024,-0.38244053583279997
-44.710680720091716,-9.49760856726407,-0.00039579986905039963
-1.9034328333816806,-10.181935818080659,-0.5776639833897416
-27.458906365740727,-9.298767774962858,-0.011758727681938363
-3.4378783592619655,-9.611336142717583,-0.3966377907063426
-11.644734801901373,-9.04167019361542,-0.17727165574227588
-1.874772294624573,-10.300932026172815,-0.5876048653084017
-5.694689637470032,-9.01152956352909,-0.4876152736409592
-7.313612373249287,-9.038389369879253,-0.3040544183315614
-11.631549024277989,-9.119003645557365,-0.1699250001134978
-5.916065446934476,-9.009280941330521,-0.457937982711262
-2.846740631265866,-9.84194977779439,-0.4460427124038869
-29.566676941347758,-9.264291309309039,-0.00759131877703347
-9.908315162196844,-9.052307163390546,-0.2401459078778657
-2.8296625108414726,-10.567528440729046,-0.4417089272179926
-29.99408152334298,-9.349948706302408,-0.007114766382494913
-4.865263392907412,-9.113781870677188,-0.4820012727843648
-7.597403481038773,-8.989972708797149,-0.31591259480306316
-27.414531922135634,-9.304565475102851,-0.011534252782776512
-16.326951273112606,-9.310032953762292,-0.07180020436800115
-5.733987821548453,-8.97681071445148,-0.4876121650861171
-9.658350373381127,-9.276753360553947,-0.22186016037328987
-16.88847230298436,-9.160158669923371,-0.06446445203271045
-8.08516669250465,-9.009398154548398,-0.28523204917296174
-9.568550625574032,-9.259228626059688,-0.22245419850182957
-17.544133987939677,-9.163296308180435,-0.05736878481204628
-7.262031447003821,-9.02740570763429,-0.3296560764341063
-5.903762737565208,-9.368708766671382,-0.2989399516959124
-22.33116787043712,-9.206418926447439,-0.02637160954249651
-6.678200338949877,-9.782631596832545,-0.258954112636743
-4.413429101813261,-9.867553067452695,-0.33415284885573493
-6.105702752755933,-9.013748397669769,-0.4253786161995124
-8.17838779416284,-9.145676794619773,-0.26031880883898034
-23.813212519872234,-9.26755366963867,-0.021117654697062855
-19.766758557521012,-9.247605043739824,-0.04117594551982696
-3.0435758013546295,-9.818865927899969,-0.4290225138780345
-21.139185038035514,-9.257455465718445,-0.033068412162264735
-31.49811310450808,-9.345703649243074,-0.004965606283825652
-32.62143690281314,-9.386966429174432,-0.004401239280233435
-24.372400725254803,-9.238303946162977,-0.019513705256228187
-6.937267899163358,-8.953194918119282,-0.3500858540594385
-7.196975651603513,-9.072325153729288,-0.3052646376737354
-8.847504254134854,-9.033257811066967,-0.2596639919973969
-6.107100761181517,-9.055928796887688,-0.3773885600687345
-14.59145074599285,-9.105310518013178,-0.09528574856554195
-7.544391948386195,-9.081858751890383,-0.298928155716421
-17.407150813410276,-9.151491648663677,-0.06068271118879918
-13.440549091090132,-9.168018097093839,-0.11741453534087003
-5.66996031655867,-8.87772594240118,-0.500030442515087
-7.983685696159482,-9.03951961678795,-0.29211122370177894
-4.244253980014687,-9.558959144880587,-0.3540693654297819
-25.7919051511242,-9.260110177793788,-0.015168676389276317
-4.719298157722982,-9.528935691382939,-0.33476428201023306
-6.332640838662372,-9.082498613683429,-0.3607106391989522
-25.220844193151926,-9.285215978039552,-0.016230798707382497
-4.528240404669777,-9.464392730527566,-0.3357828038392906
-39.48650999475139,-9.461240225143312,-0.0011425450895409348
-5.838234849729791,-9.075195517411249,-0.4651158899671623
-15.82208862229636,-9.19504703102641,-0.07780109241385529
-44.3507990529564,-9.423669829193441,-0.0004311942670791183
-25.209308153207378,-9.282971335790295,-0.01676997510245417
-5.9420981823881736,-8.978735735537175,-0.46603280984077594
-5.706727910058221,-9.005936290799946,-0.47619305317845545
-5.077899230809744,-9.521228322207103,-0.32152462084031924
-3.9025269898274018,-9.59089237911828,-0.3656554012742376
-20.363291003201773,-9.171365616808455,-0.03645066309603856
-5.174288385416058,-8.998930851798105,-0.5082512382800944
-11.795671326377631,-9.113965621960793,-0.16357987841010638
-7.339548973630405,-9.082084150935763,-0.3039501621887205
-24.91005287290874,-9.30198219777518,-0.01795784973158947
-8.372717273525934,-9.280717396203977,-0.25252459626046375
-19.540056837294053,-9.167851289277849,-0.0433532650354419
-23.12925077674635,-9.19974942623809,-0.023160664294387776
-13.237467928985781,-9.117999884633571,-0.12114768019261167
-13.65613844023459,-9.154805919357427,-0.10785910426401704
-10.997136525616112,-9.089913714269372,-0.19570166153794624
-22.301821874282346,-9.255627492728808,-0.026533374001868986
-5.555352342490957,-9.145719135531653,-0.3775079863999598
-2.503739680020334,-10.395661525893654,-0.4694022415876322
-1.8899344268125178,-10.291507365254725,-0.5890002095032234
-2.0074403382554595,-9.959048519951851,-0.5682628641831146
-8.739766096350548,-9.418001162025194,-0.23202593432170654
-7.435453032932066,-9.017669552782074,-0.3199550646084919
-1.8513949098692633,-10.34927175213576,-0.5912775813696558
-7.6173717708455415,-9.371602635649941,-0.24748436471911753
-9.746577050156644,-9.028554030897238,-0.24476989091569357
-38.94133102251778,-9.412822246107071,-0.0015316211776596792
-6.786266044825331,-9.134324471768853,-0.311473622395447
-25.079751283758306,-9.310307853398292,-0.017005292509479047
-6.809435394532314,-8.977181055205595,-0.361003364720172
-12.50393508835633,-9.131389047398748,-0.13527096755471343
-9.299114789037107,-9.117335332899296,-0.24004329552381365
-12.845095171309953,-9.05569331639507,-0.12893686267235488
-4.493077002037462,-9.311321675968953,-0.3992372894105456
-7.317700693364559,-8.968583989460614,-0.3249767139732956
-5.651396836519665,-8.967479707719285,-0.49917434436238783
-2.3773755718382272,-10.942613516493397,-0.4974031906505839
-39.83081763651098,-9.45790230302174,-0.0011501178086219155
-31.713316986102637,-9.311101160948567,-0.005627479824426409
-6.320148396363201,-9.148225928063423,-0.3254636780533525
-6.409002920325276,-8.963301041912054,-0.39669271174867526
-4.807613166341346,-9.114898275984816,-0.4668282254150076
-1.8169698184937169,-10.477711670555365,-0.601737892820505
-7.666776797221061,-9.019688538175961,-0.3081419277565831
-7.165677664994277,-9.173410541811915,-0.28504242766698146
-28.454093087025488,-9.23059769864919,-0.008938737469158834
-24.3267675590334,-9.268623219452241,-0.0185389116332639
-12.061805681091151,-9.112268964305516,-0.1478674642550219
-8.357986711220496,-9.037056561476435,-0.2785921323271431
-19.115780766173664,-9.166892775134514,-0.04484277731939595
-5.372025953147617,-9.35252688547174,-0.3301458289106712
-8.84792930921071,-8.98027725077272,-0.2649430498400571
-5.920119614559275,-9.256094696210596,-0.3232346702969147
-23.559241370377656,-9.265263401861255,-0.02254153820515139
-3.273088145974782,-9.280115552016744,-0.5147629881814589
-6.96488752520418,-8.922947558282326,-0.3391511086819661
-5.121263333899335,-9.317494185302198,-0.3456940345886706
-43.75456671738344,-9.483485409099547,-0.0005969635110589822
-5.610167686638885,-8.979271306407368,-0.4951053042765425
-3.789402185751963,-9.899575871648329,-0.37343604865091057
-21.177507630712135,-9.288388988321465,-0.03180882319368779
-1.835978465484974,-10.428146033274595,-0.5933506329639149
-6.729087046198526,-9.456833441988193,-0.267897431428695
-19.28476319510778,-9.247359449296578,-0.04303199142029271
-8.60773840616736,-9.012410692207915,-0.26901411736140257
-5.927110772585247,-8.988926917171662,-0.45912868908677335
-20.14834907729215,-9.201415817471114,-0.039398294506224604
-38.76755557161623,-9.426834965206151,-0.0014944860000351405
-6.778303670844987,-9.008060553651552,-0.3560575659883721
-8.570546208424453,-9.29582203106783,-0.24787021332909068
-5.5835174183341785,-9.512192077327269,-0.2932556118603291
-28.036837233445176,-9.283049809879138,-0.010307589111828774
-8.717006749055482,-8.994856006909231,-0.2676497623632401
-6.603246507637119,-9.016724692847992,-0.35893601946592973
-11.627730035561031,-9.080702811161677,-0.17500472123165076
-6.26133170773475,-8.97861614540729,-0.4063934845103811
-5.560684914055878,-8.92032430864841,-0.5062214539187819
-26.48655581157939,-9.32343492188223,-0.013004566918676552
-6.374167714871018,-8.979142508358429,-0.4040985521377644
-2.7362662794187744,-9.48709401902538,-0.5328399919225498
-13.005448862158843,-9.096162708849022,-0.12832932122013477
-21.435999263966835,-9.269211873711116,-0.031013272665056532
-18.231715498062453,-9.18897386549518,-0.05343723442451309
-8.53297067121666,-9.066968359703989,-0.27552820609749906
-13.5815348437167,-9.141227610412047,-0.10932229930202224
-6.907317809609029,-8.973551640739135,-0.3423712735441461
-3.5962190427777334,-9.218885196758256,-0.5260218228793063
-6.640180191925374,-9.142796674177356,-0.31779764320558734
-2.3278482408734105,-10.93164381784795,-0.5119045488011832
-4.090192931293704,-9.116200916160702,-0.5197740570421212
-9.844643001827919,-9.080521936494304,-0.2400486877871444
-4.159984794542848,-9.498525986057226,-0.37665354511071214
-3.2100878881072465,-9.247383891507122,-0.5252890768158928
-3.8043221697712335,-9.183226260472516,-0.5220162031409086
-19.87897690861046,-9.243694014745842,-0.04005709522391412
-4.459632729707357,-9.565720918999821,-0.33994298053639005
-8.343458028980164,-8.941433563952014,-0.28357946176903603
-10.612298811792362,-9.330895528359061,-0.2087970694447507
-7.1162260937729735,-9.302476805909787,-0.26416697074251977
-7.617320221383428,-9.00330438629919,-0.3106533222707709
-26.90891999798885,-9.251471428217041,-0.011884105207069107
-15.57447368351927,-9.164162529035378,-0.08031698116182599
-6.641953034572466,-8.980686859164154,-0.3771648577165921
-7.105542023222697,-8.944920140084239,-0.33241545768335506
-43.643858991805736,-9.484399999999999,-0.0005587820106453986
-7.965636728039936,-9.075505350670788,-0.2949929471564972
-28.55648163110852,-9.306598572964,-0.008717229557113694
-6.624649419891295,-9.316616374463752,-0.29259322215072825
-2.497281786468532,-9.466968294182145,-0.5377067909902332
-6.884345492302975,-8.981600076141255,-0.35032866760272025
-7.706890372094496,-9.218998798663252,-0.2695996238397367
-3.954031411538806,-9.841638269420057,-0.3618090081729259
-5.595617035206966,-8.975747753236664,-0.49827945644771204
-11.459452449848602,-9.096507209507596,-0.17228551536151768
-6.776623024704133,-9.042154009093977,-0.3511372523579164
-22.500997602107088,-9.259419555182951,-0.026130306944864422
-33.37195922156036,-9.349487023386429,-0.0033462888165900814
-21.621827679211275,-9.211699727767863,-0.03161648845621051
-5.022125387576816,-9.262979730581614,-0.3654154800515749
-33.78147098087431,-9.421976743930188,-0.0031144254058049384
-2.1680894120725394,-9.714509677406355,-0.5513437148553788
-2.8649467054185918,-10.077791032736732,-0.4368090231699585
-6.122374123838276,-8.952954273496289,-0.45387564448641876
-26.991826678153974,-9.342330323953878,-0.011844918044299779
-3.641003924611289,-9.191004885341572,-0.5212061366798962
-4.708216704671186,-9.256003200757874,-0.3835431761837456
-6.31644591447532,-8.940847688126548,-0.4140234598567624
-34.10808488833097,-9.406788935378339,-0.0032968797965901788
-29.331199798131763,-9.346796080897189,-0.007854714557165087
-6.180481166398878,-8.931756120407881,-0.44109989154699636
-4.3662285049879985,-9.721443942314677,-0.33786593142009325
-9.553108639023812,-9.041368879030998,-0.2491705526262121
-2.1283961684633006,-9.760830174459455,-0.5565119811488488
-14.813754892032126,-9.11721833721618,-0.09377505095769754
-8.44058805384979,-9.034562740420869,-0.2758591317811072
-10.01698117599131,-9.183244557213754,-0.22301095199380358
-9.328767697548118,-9.047936263425287,-0.24383575618018066
-29.951538168190353,-9.345358597794664,-0.007299187630967287
-4.943173351722131,-9.863831254760202,-0.31291050236818363
-5.549801402555521,-8.923320217049175,-0.5035836648428383
-5.435537827911648,-8.926690553062075,-0.5047885006345748
-19.816485403695147,-9.2521380846537,-0.040804421451672894
-22.234014587001813,-9.196777563826751,-0.026579951902280925
-1.9190477898090048,-10.15830730048462,-0.5754505329888139
-5.900272174348214,-8.96119463280406,-0.47055499121272104
-5.8657504507268845,-9.020577102941191,-0.47128161411188046
-26.146099388198444,-9.295253306621952,-0.014155114520949717
-2.074261949757253,-9.855535974059945,-0.5601752058244278
-7.2217523237303665,-9.413904494704683,-0.24978556657854012
-20.05553773800871,-9.219199550846497,-0.03926214681671456
-6.317758484615307,-8.967364250147085,-0.40827597139793703
-8.011689162233907,-9.129867244550509,-0.27722521269565836
-35.29152841189487,-9.43583395572018,-0.0022882651647716554
-5.39667999872986,-8.93349595239131,-0.5060415946763333
-6.03187794483159,-9.083128490753356,-0.38433465524416516
-5.385051194272365,-9.548611840290175,-0.29688298049528017
-8.997703299313418,-9.041354828389016,-0.2572373138199065
-8.424722285971704,-9.085384370770683,-0.26615029383478345
-10.949230613101776,-9.12094309939236,-0.19471225933597922
-2.1422805800874056,-9.740778394725668,-0.5540218840007769
-24.076460735245632,-9.279938491135981,-0.020251800003983723
-4.844297229579712,-9.053752105847712,-0.5179440438007222
-6.553611645728989,-9.003359353027703,-0.37704865884604083
-11.357670516320475,-9.08570515038176,-0.17872834036620147
-9.180303796570199,-9.034873045178808,-0.2551877586056704
-2.6153683437386817,-9.432898367267196,-0.536803272198252
-8.717550531787369,-9.028863992627443,-0.2605950410799672
-20.727962414959293,-9.219453894692004,-0.03520438275942921
-4.727957184248198,-9.119720005493633,-0.48228965168789695
-22.218588970865852,-9.243904065725266,-0.026757365359546384
-19.842054052882144,-9.181360098273737,-0.04151658129651487
-5.830416875434915,-9.218763345778827,-0.33260551357149853
-5.63252579943284,-9.153641902057817,-0.36915885178035973
-28.263663273058057,-9.275762384127466,-0.010156100450139987
-11.106210364432824,-9.087688306852083,-0.19429344875446475
-6.886449228031807,-9.013330041175537,-0.34073270914862824
-4.931849712985251,-9.891657772798187,-0.3223309455370091
-10.8836201719919,-9.073529356131221,-0.2015982713913805
-3.321346848208944,-9.247788429374783,-0.5231965585625963
-5.295130726958012,-9.681442426221725,-0.3059060127739779
-35.062160970486644,-9.345509436436554,-0.0025425131533231816
-5.534260541551406,-9.583518920851425,-0.2910274402052187
-5.882966581620568,-8.986054048325375,-0.4745729840805171
-6.429013478186004,-9.195085716626847,-0.302539800310951
-8.551180017490866,-9.073147375749711,-0.26772768961425786
-4.123490759486767,-9.369812252822626,-0.3948018084414995
-8.072322397895157,-8.995366345169899,-0.29341850502901956
-21.63521137425882,-9.219901638276934,-0.030767015602487742
-28.01988908064798,-9.274668324957249,-0.010463834868197743
-7.9832500810811995,-9.052299607762139,-0.2850935785964241
-5.564049710697611,-8.901663234170648,-0.504171086166655
-7.58210651732913,-8.99087131783989,-0.317155804753409
-5.7035321146985,-8.962216830774539,-0.48847562257029764
-2.4968433650221784,-10.348868112296177,-0.4758273001842596
-13.251589842094598,-9.155683889203635,-0.11933858699021328
-37.59900943638247,-9.409315601265792,-0.0015338664452670047
-9.295558049204661,-9.15437076159126,-0.24563596343271263
-7.9800361232747985,-9.06760252264051,-0.2954049144137951
-31.25215272419359,-9.333636775201814,-0.005815641711718164
-7.048969616886412,-9.08580797906716,-0.32065980498466945
-6.859957293041066,-9.02009296672391,-0.3495000937687701
-13.23893843537869,-9.100891562738576,-0.12094723945345985
-6.270632956933391,-9.027301635660326,-0.4022964109445477
-7.537617041487211,-9.019502002537394,-0.31370413475810244
-4.058026676133838,-9.600519269814358,-0.36307655436569314
-25.23769512965557,-9.21935743800957,-0.016932833455650127
-16.001572763931303,-9.241898748722514,-0.07618428712132744
-5.848201558994326,-9.29827136772686,-0.31416651172073906
-8.312756532351617,-9.047049347618813,-0.27611653637787126
-8.289957771896127,-9.00986465771212,-0.28014254362312796
-21.227426329576808,-9.26505639472786,-0.03230386196407835
-5.073083694809856,-9.185381703308908,-0.3891993832892449
-11.408735038826023,-9.150421154318632,-0.17585128918038975
-23.895128116364383,-9.261933328356008,-0.02164202894493753
-3.7731729837099572,-9.548064193353063,-0.3774885090109705
-6.591406182710238,-9.04591879352835,-0.3464046018144012
-21.783535587474965,-9.225160718417955,-0.02775714635278841
-28.62640188675848,-9.289138431944087,-0.008595849899173846
-21.066445572207055,-9.20701689946467,-0.033430683158293104
-23.460824369947986,-9.252048469087594,-0.022623305742484365
-12.527275062680967,-9.108231883814868,-0.13699520988097275
-5.674057237272338,-9.018974565631947,-0.4945796567706239
-2.2013198314603044,-9.68859336170274,-0.5483175782173512
-5.524474664976165,-9.340864593190904,-0.3145381131558421
-4.853463922944797,-9.04493535485791,-0.515282050810933
-2.3393499156168063,-10.824327550852951,-0.5006661133401742
-8.886993610559916,-9.024703521020372,-0.2603568461145044
-35.94733832854561,-9.371342778159523,-0.002152899131029723
-18.23447027909458,-9.17739539131098,-0.052449134400660444
-15.152907526594438,-9.162901265268113,-0.08777640525324641
-6.32308849974582,-9.859812760408822,-0.275706619314823
-5.501284942188703,-8.954821751720889,-0.5029551387821253
-4.042992482016153,-9.693982419193988,-0.354665193425085
-13.767605083821083,-9.150335458284424,-0.1076620772558208
-34.26885535964751,-9.379882135890274,-0.003195924476848341
-26.846665805057395,-9.307470182480072,-0.012215584569479833
-22.557362748135734,-9.274605323444483,-0.02515537826490426
-8.925091866983355,-9.104269575229107,-0.2589446761252807
-18.805832271998618,-9.241086621757495,-0.04766928013604316
-6.231917753423685,-9.05384669679324,-0.3628607528441172
-12.340017176608072,-9.059752367364924,-0.14598570003437147
-9.525180520086371,-9.049006772351323,-0.24371080102878317
-11.606435273068042,-9.12026732891129,-0.16686436100480712
-10.086364419952515,-9.013407461656675,-0.2198407864256079
-28.3850333367538,-9.350240289027308,-0.009259180607164979
-6.7093060701463365,-9.03293912895147,-0.35745586065187257
-1.8134394299337715,-10.484230663389482,-0.6022036469218369
-7.951399022486466,-10.001901912393826,-0.23797896134865748
-24.56959462161368,-9.251951528170423,-0.018112385196116704
-15.29603205449393,-9.156976345235625,-0.08454721147007391
-4.00108983079348,-9.34123546799587,-0.42889001911258984
-27.57057893983501,-9.314498789653586,-0.011294077046526295
-5.532335334454128,-9.32927282336841,-0.3264904026345302
-4.923393695662435,-9.194958658140203,-0.3845675533534041
-11.739611573034937,-9.038566707181419,-0.17075572998883937
-17.324743405393082,-9.19219662806807,-0.050589468883473494
-6.64990578075317,-8.962301722064703,-0.37261841599758616
-36.83004164731326,-9.41523572801421,-0.0020562571844879663
-2.7221188374197136,-10.267816383821629,-0.4473778191755004
-5.343765278363084,-9.082826997472512,-0.4243166893366444
-6.747742761794959,-9.065485001076855,-0.3454505414408108
-7.1897094598598805,-9.051507737352557,-0.3294208039908618
-24.166748889381868,-9.27472521376773,-0.019811087590624672
-21.14577254013907,-9.249667752298892,-0.03263867646684044
-3.016763617666551,-10.391255452010478,-0.4266826274781309
-6.606894985893904,-9.016303001783378,-0.3655156181662905
-1.8090660590798948,-10.522467120952813,-0.6068169163289847
-9.960908778742828,-9.039379095846767,-0.24136424277188345
-9.54265881588549,-9.08901514453574,-0.24262408314031766
-7.497393424372887,-9.543953522202457,-0.24754606373147686
-16.185845774964246,-9.221140006961651,-0.07341384695599118
-39.23330665789183,-9.466655099763601,-0.001258106078610274
-21.36408042247589,-9.252988469808683,-0.03113519172439572
-3.90599501579778,-9.83069993044361,-0.3619174060562616
-5.819697239032322,-8.957225241393244,-0.47643217864128096
-29.284061094800517,-9.337992684727695,-0.007933944389419162
-21.762838146562512,-9.231736533924275,-0.02939193285682122
-1.8719566851987706,-10.35860062279513,-0.5911777762816722
-8.205043537227962,-9.071738259418852,-0.27494130859147464
-18.842584990941738,-9.208312110129587,-0.045594138127070076
-32.29709525062828,-9.330667168593795,-0.005384116510870294
-8.616890472469851,-8.994947909880457,-0.26705912140078825
-14.851307878201235,-9.16677131334059,-0.08911695155766247
-26.143760934542154,-9.306529751997003,-0.01478499312861289
-1.9612078665806276,-10.110541274600807,-0.5791325471799629
-5.283472945360953,-8.965446308261546,-0.5090997704273825
-2.672068019623087,-9.40890610949838,-0.5357749116260035
-2.9350237452732197,-9.312959639734078,-0.5282382310448666
-13.793452979230045,-9.109745389937896,-0.09578949757974507
-7.180100562802929,-9.019988764927865,-0.3299534628159412
-2.5382416110406,-9.439455742077586,-0.535588249273108
-6.437856839532191,-9.124057209188527,-0.3309970974639402
-1.8263787157744718,-10.469523095811686,-0.5981363073846158
-29.618324453750777,-9.31051572043114,-0.007368657746637362
-41.09767469248749,-9.476976157637576,-0.0007448464097078473
-7.269597108394056,-9.046486956483594,-0.3286916095385849
-5.030074543012723,-9.031888067054286,-0.5180485672737836
-7.532239670123292,-9.20307168562373,-0.273237288719675
-5.583171743515644,-9.133983657347818,-0.378038196056808
-6.281402634634133,-9.240192084074566,-0.30215924271341565
-7.197199331363014,-9.13877954577954,-0.28349720118901806
-3.8355437271340738,-9.174362461448869,-0.5222803057350038
-18.80902045599631,-9.203590034239038,-0.048253488940532566
-1.8175533657046954,-10.45887198107017,-0.5995965155574207
-2.941664811637055,-10.500621633711948,-0.42936312014517547
-3.8473724838251346,-9.760301282480315,-0.3674731451240157
-8.21556556155296,-9.672120432997982,-0.23094562725971207
-16.68074929810108,-9.127981153296368,-0.06570358821177794
-6.461927788391638,-9.00974208626336,-0.3683226613470938
-4.377173976369072,-9.532328988047379,-0.34192385430038885
-1.8268399939999027,-10.426149441986615,-0.593493257239253
-4.699182346406662,-9.149053481286147,-0.47184534481513574
-6.639818861008797,-8.994458641090834,-0.3647265245733991
-16.863685131912742,-9.240565029999619,-0.05362827007299359
-1.97350975922105,-10.078985490658262,-0.5753845406918268
-6.20855019386594,-8.997427328583916,-0.413226089584927
-3.065038485858465,-9.91206358026128,-0.41979644664934834
-7.145342612116293,-9.453050484970813,-0.25751165406590315
-29.12169196861584,-9.299183353473978,-0.00858200902348288
-40.38149060565042,-9.491921725836557,-0.000933389371399044
-12.992097665129567,-9.130126790098434,-0.1288566121591884
-30.669966941178675,-9.344213084406878,-0.0064351665781968975
-30.42752771095822,-9.33245440780777,-0.006770440875115219
-5.508745831422427,-9.11418521144087,-0.39531973737326065
-13.22090543475694,-9.057578248001182,-0.12145654969168032
-6.024184368262794,-9.21085260249307,-0.3209706849528569
